#author_id,lecture_id
2,16
3,12860
3,12493
3,9985
3,9823
3,9428
3,17
3,424
3,1477
3,1555
3,1998
3,2103
3,2149
3,2157
3,2173
3,2178
3,2201
3,2210
3,2228
3,1809
3,18
3,2167
3,1974
3,578
3,468
3,2487
3,1931
3,2526
3,2529
3,2919
3,2922
3,1999
3,3085
3,3298
3,3299
3,4460
3,3340
3,4109
3,4119
3,3223
3,4583
3,334
3,4927
3,6661
3,4283
3,339
3,5100
3,2934
3,3931
3,7532
3,8398
3,8400
3,6843
3,4229
3,85
3,82
3,6784
3,8584
3,8587
4,10584
4,19
4,3089
4,365
5,20
7,22
8,23
10,25
11,169
11,26
12,27
13,28
13,3715
13,3716
14,29
15,10577
15,4162
15,30
16,31
17,8461
17,12338
17,32
17,34
17,60
17,2380
18,12433
18,33
18,37
18,2525
18,2529
18,8398
19,8460
19,12337
19,35
19,58
19,59
19,61
19,2379
20,36
21,38
22,39
22,242
23,40
24,41
25,42
26,2624
26,3997
26,43
27,44
27,1534
31,12430
31,12375
31,12366
31,12333
31,65
31,11489
31,10576
31,10045
31,8760
31,2375
31,2374
31,77
31,2380
31,2379
31,2381
31,3721
31,4486
31,54
31,49
31,3343
31,3342
31,3347
31,3341
31,3351
31,4053
31,6169
34,52
34,82
36,9956
36,55
36,371
36,1550
36,2113
36,104
36,1544
36,2528
36,2635
36,3764
36,82
37,56
38,62
38,75
38,2381
39,63
40,64
41,65
42,66
43,67
44,68
46,70
47,71
49,4080
50,74
51,76
51,5252
51,2642
51,2644
51,54
52,77
53,9688
53,9687
53,9583
53,9582
53,78
55,80
56,12249
56,8770
56,81
57,2173
57,5028
57,5027
57,5026
57,5029
57,5023
57,9981
57,9823
57,9428
57,82
57,85
57,619
57,869
57,2104
57,2168
57,2488
57,1554
57,2921
57,4229
57,4194
57,4198
57,3932
57,5022
57,6843
57,4460
57,2934
57,2178
57,2201
57,3931
57,2157
57,2149
57,8587
58,83
59,12364
59,12367
59,12363
59,12352
59,8772
59,4489
59,4067
60,86
60,1732
60,1538
60,82
61,87
62,12844
62,12491
62,12490
62,9849
62,6284
62,3330
62,3877
62,3524
62,3220
62,2723
62,2371
62,268
62,245
62,247
62,3525
62,9590
62,9524
62,256
62,415
62,3195
62,89
63,90
65,12777
65,12432
65,92
65,796
65,2527
65,302
65,4587
65,354
65,341
65,8403
67,94
68,95
69,96
69,4820
71,98
72,99
73,100
74,101
74,2644
74,2643
75,102
75,1552
75,300
77,9666
81,9812
81,4054
81,4075
86,9762
88,9698
89,117
91,10036
91,120
92,121
94,123
95,123
103,12364
103,12361
103,10856
103,131
104,13251
104,13231
104,12336
104,2375
104,137
105,4068
106,134
107,135
108,136
109,138
110,139
111,140
112,9666
112,8766
112,141
112,4195
113,142
114,143
115,3329
118,6834
127,4564
134,10031
134,293
134,1558
134,4518
135,164
136,165
138,167
140,170
141,171
147,4053
148,2553
148,2574
149,12745
149,2553
149,2561
149,2562
151,176
152,10855
154,179
156,10850
156,181
168,6469
169,198
169,2361
170,9723
170,9704
170,2520
170,2521
170,1536
170,2637
170,202
171,4136
171,201
171,2428
172,203
172,360
172,361
172,541
172,979
172,3058
172,3742
172,267
172,6100
173,204
174,1537
174,4045
174,205
175,9989
175,206
177,370
177,1541
178,211
179,212
179,2867
179,1543
181,215
182,2534
182,304
183,217
187,2478
187,2529
187,318
187,8401
188,9657
188,2752
189,307
189,3723
191,226
192,228
193,230
193,4059
195,232
196,298
198,239
199,240
201,12142
201,272
201,243
202,9991
202,1699
202,244
203,292
203,369
203,246
204,248
205,249
205,3255
206,12293
206,11345
206,11340
206,9547
206,9523
206,9518
206,471
206,595
206,1097
206,1135
206,1248
206,1265
206,1284
206,676
206,250
206,2432
206,981
206,978
206,979
206,980
206,1134
206,1296
206,2483
208,252
210,255
211,257
211,281
212,258
215,310
217,270
218,271
218,336
219,273
220,274
220,6269
221,275
222,9687
222,276
222,461
222,5572
223,277
226,283
226,339
227,12215
227,11766
227,11765
227,11569
227,7496
227,7499
227,284
228,2658
230,6784
230,4584
230,5076
230,7244
230,5098
231,290
231,4763
231,6838
232,11312
232,11311
232,11310
232,5099
232,1791
232,1811
232,294
233,3309
233,1733
234,299
235,301
237,326
237,293
237,305
240,309
241,311
242,1559
242,315
247,2105
247,2519
247,1551
247,2636
247,85
253,330
254,331
255,4882
255,332
256,333
257,335
258,1777
258,2177
258,1809
258,337
258,6666
258,6620
259,338
260,10094
260,9341
260,1638
260,1684
260,1685
260,1822
260,2486
260,2508
260,2920
260,3090
260,3241
260,3310
260,4313
260,4324
260,4236
260,4138
260,4617
260,5025
260,6829
260,6833
260,339
260,8400
260,4229
262,342
263,5523
273,356
274,358
275,363
276,367
278,11254
278,745
278,749
278,944
278,410
278,3825
278,4112
278,6082
280,412
281,413
282,13138
282,13134
282,11342
282,462
282,517
282,572
282,600
282,952
282,1299
282,414
282,1269
282,464
282,3078
282,4329
282,3048
282,6107
282,6943
283,416
284,417
285,418
285,658
285,1059
285,1291
285,1330
285,1393
285,473
286,419
287,420
288,421
288,828
288,2098
288,4113
288,3859
289,422
289,1197
289,1198
289,1223
290,423
291,425
292,426
292,946
292,1423
292,784
292,5551
292,8445
293,427
293,975
294,428
294,992
294,1121
294,4134
294,5397
294,5508
294,5546
295,429
296,942
296,977
296,1484
296,1515
296,1087
296,3047
296,4106
296,4109
296,3479
297,431
298,432
299,433
299,1402
299,1404
299,1405
300,434
300,890
300,860
300,2351
300,2807
300,2809
300,2812
300,7008
301,435
301,3163
302,9757
302,436
302,487
302,793
303,437
304,438
305,439
306,440
307,441
307,566
308,442
308,2463
309,443
310,444
311,12001
311,9372
311,9100
311,445
311,3912
312,12297
312,10111
312,9746
312,9823
312,8835
312,8833
312,1229
312,1245
312,489
312,1338
312,1533
312,2471
312,474
312,2352
312,3178
312,3677
312,775
312,4118
312,4109
312,7031
312,6946
313,447
314,448
315,451
315,531
315,616
315,881
315,870
316,453
317,456
318,457
318,3177
319,10112
319,632
319,1458
319,2692
319,2841
319,3419
321,9521
321,460
321,1184
321,889
322,9848
322,465
322,2945
323,466
324,467
324,1506
324,2437
324,2934
324,3933
324,3224
324,6661
324,6137
324,3223
324,3931
324,8587
325,9974
325,9823
325,469
325,1395
325,1078
325,4331
325,4125
325,7546
326,1285
326,1034
326,714
326,832
327,475
328,476
328,748
328,1494
329,477
329,1566
329,5379
330,478
332,12622
332,12620
332,9741
332,1247
332,1329
332,1333
332,1456
332,1479
332,498
332,3062
332,3114
332,3116
332,2704
332,3049
332,3115
333,1481
334,491
334,1263
334,7039
335,9521
335,492
335,520
335,521
335,3180
335,3749
335,4761
336,496
336,3075
337,9744
337,835
337,937
337,3050
337,3826
338,558
338,5646
339,502
339,522
339,532
339,557
339,1258
339,1259
339,1275
339,1348
340,12689
340,12620
340,12618
340,2356
340,505
340,659
340,2417
340,2426
340,2410
340,2351
340,3756
340,3820
340,4120
340,4127
340,3830
340,4591
340,6080
340,6083
340,7026
340,8373
340,8554
341,506
341,1470
342,12618
342,507
343,508
343,5211
344,519
344,935
345,13175
345,512
345,777
345,2862
345,3365
345,2762
345,4108
345,4109
345,2812
345,6056
346,9980
346,513
346,713
346,983
346,1208
346,1225
346,1312
346,1455
346,1461
347,11233
347,570
347,523
347,4129
347,6091
348,524
348,757
349,525
350,526
350,1220
350,1927
350,3414
350,5356
350,3990
351,527
351,926
352,528
353,529
354,533
355,9519
355,534
356,12291
356,535
356,3161
356,7042
357,11236
357,667
357,536
357,5437
358,538
358,5484
359,8841
359,539
359,1140
359,980
360,8846
360,599
360,542
361,8851
361,981
361,978
361,543
362,9525
362,9350
362,8850
362,544
362,981
362,978
362,980
362,712
362,3744
362,3884
363,8832
363,545
363,605
364,546
364,981
364,978
364,5624
365,978
365,980
365,682
365,6987
366,1346
366,6961
366,5480
367,960
367,4132
368,1521
368,1526
368,2434
368,3482
369,1443
369,5441
370,964
370,3353
371,9738
371,563
371,980
371,685
371,2703
371,3061
371,6079
371,3824
372,564
373,565
374,567
375,568
376,569
377,575
377,577
377,671
377,672
377,673
377,674
377,677
377,678
377,922
377,924
377,999
377,1000
377,1005
377,1006
377,1231
377,582
378,576
379,12636
379,939
379,5538
380,580
381,581
382,583
383,584
383,2100
383,337
383,8550
384,3879
384,585
385,586
386,587
386,782
386,1492
386,1518
386,2563
386,4034
386,3676
387,9740
387,588
388,589
389,590
390,592
391,1066
392,594
393,596
394,11179
394,9332
394,9315
394,9313
394,597
394,723
394,3231
394,3541
394,6996
395,601
396,602
397,9350
397,996
397,1177
397,1451
397,2438
397,3053
397,5594
397,7009
398,609
399,610
400,9413
400,9374
400,612
400,5386
400,5491
401,13130
401,13118
401,13117
401,13116
401,13112
401,613
401,844
401,3745
401,4100
401,4115
401,3883
401,5634
401,5642
401,5645
401,6965
401,6981
402,614
402,891
402,2465
402,2823
402,2847
402,3415
402,4597
403,615
404,704
404,1288
404,1431
404,3067
405,620
405,931
405,1354
405,4327
405,4328
405,4333
405,7561
405,8246
406,621
407,9967
407,622
407,954
407,629
407,5641
407,5643
408,623
409,624
409,5381
410,948
410,640
411,630
412,1500
413,638
413,8242
414,1294
416,11195
416,648
416,1517
416,2761
416,2797
416,2798
416,2808
416,2805
416,3603
416,2806
416,2812
416,6941
416,6958
417,1408
417,3823
418,650
418,3125
418,3830
418,3829
419,651
420,1091
421,742
423,11241
423,657
423,5497
423,5510
424,660
425,661
426,663
427,664
428,665
429,666
430,668
431,669
432,670
434,12292
434,11279
434,8849
434,978
434,980
434,679
434,2483
435,8832
435,8841
435,1138
435,1139
435,981
435,979
435,3158
435,5342
436,972
437,9101
437,686
437,6867
438,854
439,688
440,689
441,690
441,1061
441,710
442,691
443,692
444,9332
444,694
444,6213
444,6235
445,695
445,2350
445,1426
445,4131
446,696
447,697
448,10104
448,2356
448,9127
448,698
448,3762
448,2029
448,2024
449,705
450,707
451,708
452,709
454,11259
454,715
455,13138
455,13132
455,11286
455,11217
455,9938
455,9825
455,716
455,1156
455,940
455,4272
455,3681
455,6935
455,2907
455,7037
455,4279
456,13139
456,9718
456,9539
456,717
456,1074
456,1120
456,1191
456,1282
456,3081
456,4122
456,3680
456,8452
457,12302
457,718
457,791
457,886
457,894
457,1343
457,2352
457,3759
457,5429
457,6081
458,719
458,3758
458,6089
459,1468
460,10446
460,9399
460,724
460,7016
461,725
462,726
463,727
464,728
464,1334
465,729
466,730
467,731
468,732
469,744
469,1199
469,4171
470,747
471,750
472,751
472,1235
472,5619
472,7050
473,13138
473,2914
473,11228
473,752
474,753
474,6734
475,754
476,9107
476,755
476,1194
476,2913
476,3175
476,5590
477,756
477,2458
478,758
478,2461
478,2460
479,759
480,760
481,761
481,984
482,762
482,1049
483,763
484,764
485,765
486,766
487,767
488,768
489,769
491,771
492,772
493,773
494,13138
494,779
494,2818
494,2819
494,2854
495,781
496,783
496,1043
497,1088
497,785
497,2912
498,804
498,1507
498,1166
499,788
499,3274
501,11148
501,795
502,10051
502,797
502,827
502,846
502,1077
502,2466
502,3474
503,798
503,2782
504,9737
504,812
505,802
505,2759
505,2760
505,4104
505,4109
505,2812
506,808
507,8615
509,818
510,9520
510,1100
510,4099
510,3865
510,6984
510,6985
511,822
511,2475
512,823
513,824
513,1173
514,825
514,1215
514,1173
514,1322
515,1126
516,841
516,842
517,843
518,845
519,847
519,1380
520,848
520,1017
521,852
521,1102
521,1352
522,857
522,858
522,2472
522,6876
523,859
524,861
525,862
526,864
527,867
528,871
528,1094
529,872
530,873
531,874
532,875
532,3536
533,876
535,882
536,883
537,885
537,2811
537,2812
537,5443
538,1412
539,888
540,892
541,893
542,895
542,8578
542,1838
542,3862
542,8579
543,896
544,897
545,899
545,2476
545,2477
545,820
545,4111
545,4123
546,11155
546,901
547,902
548,903
548,820
549,904
550,905
551,906
552,908
552,1344
553,909
554,912
555,12272
555,913
556,914
556,1391
557,915
558,916
559,917
560,918
560,3120
560,3386
560,3168
560,7044
560,3821
561,919
562,921
562,3381
563,925
563,5177
564,9758
564,8853
564,927
565,928
566,9132
566,9127
566,929
566,5269
566,4269
567,9984
567,930
567,1254
567,1255
567,2715
567,2902
567,3077
567,2894
567,3930
567,8252
568,932
569,933
569,2716
570,12714
571,941
572,943
572,1203
573,949
574,9921
574,950
575,956
576,962
577,969
578,11273
578,1150
578,656
579,973
580,974
581,1243
581,982
582,986
583,987
584,988
586,990
587,1327
587,1454
587,7011
588,1003
589,1004
590,1007
590,1168
591,1009
592,1010
592,5584
592,7029
593,1011
594,1013
597,1018
597,3885
597,3951
597,6875
597,7020
598,1019
599,1020
600,1021
601,1022
602,1023
603,1024
604,1025
605,1026
606,1027
607,1028
608,1032
608,6134
610,1036
610,5967
611,1037
612,1038
613,12914
613,12416
613,9654
613,1039
613,5031
613,5040
614,10115
614,10114
614,10106
614,10105
614,9828
614,1041
614,1086
614,3675
614,4135
614,4101
614,4109
614,4107
614,4121
614,2665
615,1042
615,6976
616,1045
616,4332
616,7041
616,8632
617,1046
618,1047
620,1050
621,1051
622,1052
623,1053
624,1054
625,1055
626,1056
627,1057
628,1058
629,1062
629,4334
629,7001
629,7544
630,1068
631,1070
632,1072
632,1224
633,1080
634,1076
634,2665
634,6155
634,6168
634,6207
635,1403
635,3210
636,1099
637,1101
638,1105
638,1168
638,2474
639,1107
640,11281
640,1531
640,3993
640,4270
640,5601
641,1109
642,1111
643,1112
644,1113
645,1114
646,1115
647,9375
647,1116
647,5193
648,1117
649,1118
650,1119
651,1122
652,1123
653,1124
653,1467
654,1125
655,1131
656,1132
656,979
656,1187
657,9748
657,1450
657,3069
657,3830
657,3831
658,11341
658,1180
658,8536
660,9093
660,1149
661,9330
661,1151
662,1201
662,1152
662,6118
663,9876
663,9594
663,1153
663,3121
664,1157
665,1158
666,1159
668,1161
669,1162
671,1164
672,1165
672,6974
676,1170
677,1171
678,13133
678,9084
678,1172
679,1178
680,2470
680,1179
681,1182
682,1183
683,11271
683,1185
683,6940
683,8444
685,9937
685,9930
685,1193
685,1324
685,1475
685,2691
685,4110
685,4116
685,6130
686,13020
686,1195
687,1196
688,1200
689,1202
690,1204
691,1206
692,1211
693,1212
694,1213
695,1216
696,9475
696,1217
697,1218
698,1219
699,9523
699,9086
699,1298
699,980
700,1230
701,11647
701,1232
703,12865
703,9722
703,1236
705,9865
705,1238
705,5592
706,1239
707,1240
708,1241
708,6874
708,8448
710,1250
711,1253
711,6128
712,1257
712,2749
712,5186
713,1262
714,1264
715,1266
716,11217
716,9088
716,1277
716,7030
716,3160
716,4759
716,6939
717,1279
718,1286
719,1300
720,1302
721,1303
722,1304
723,1305
724,1306
726,1309
728,1311
729,1313
730,1316
731,9350
731,1320
731,3215
731,3210
731,6104
731,6952
735,1335
736,1337
737,13169
737,2352
739,12345
739,1341
740,1342
741,9694
741,1349
741,3176
741,3391
741,3392
741,3394
741,4081
741,5963
741,5968
741,5969
741,6287
741,6288
741,6289
741,6290
741,6291
741,5578
741,6295
741,6293
742,1350
743,1351
744,1358
745,1360
746,1361
746,3511
746,8685
747,1362
748,1363
749,1364
750,1365
750,2712
750,2714
751,1369
752,1370
753,1371
754,1372
755,1373
756,1374
757,1375
758,1377
758,1168
759,1378
760,1379
762,1382
762,5479
764,1385
765,1386
765,3624
766,1387
767,1388
768,1389
768,3399
769,9826
769,1390
769,3560
770,1392
770,4119
771,1394
771,3857
772,1398
773,1415
773,2116
773,3901
773,5605
773,6132
774,1417
775,1418
776,1419
777,1421
777,2725
778,1424
778,3169
778,7027
778,7051
779,1433
780,1434
781,1435
782,1436
783,1437
784,1438
785,1439
786,1440
787,1447
788,1448
789,1452
789,3550
789,5609
790,1453
791,1459
792,1462
793,1465
794,11272
794,1466
795,1469
795,6861
796,1471
797,11263
797,1472
798,1473
799,1474
800,1480
800,2386
800,3246
800,5394
801,1487
803,1489
804,1490
805,1491
806,1509
807,1510
808,1511
809,1512
810,1514
812,1519
813,1520
814,1535
815,1549
816,1540
816,3254
819,9960
819,1546
821,1557
822,1570
824,1573
825,1574
826,1577
827,1579
828,1585
828,6911
828,8087
829,1589
830,1605
831,1606
832,10783
832,1607
832,4233
832,6833
835,1614
835,1616
835,1633
835,1744
836,1637
836,1652
836,1701
836,1739
836,3998
836,4019
836,4021
836,4017
836,1706
837,1615
838,1617
839,1618
839,1640
839,1755
840,1619
842,1621
842,1707
846,1625
847,1626
848,1627
848,1682
848,4026
849,1631
850,1629
851,1632
852,1634
852,1641
853,1635
853,1674
853,1717
853,3296
853,4230
854,1746
854,1636
855,9493
855,9499
855,8921
855,4016
855,4028
855,1730
855,1639
855,8525
856,1643
857,1644
858,1645
859,1646
859,1704
861,1648
862,1649
863,1650
863,1651
864,1653
866,1655
866,1681
867,1656
868,1657
868,1673
869,1658
870,8923
870,1659
870,4008
871,1660
871,4003
872,1661
873,10787
873,9995
873,1662
873,1686
873,4215
873,4232
873,6498
873,6830
873,6833
873,8528
874,1663
875,1665
877,1671
877,3305
881,1693
882,1708
883,1695
884,1696
885,1700
886,1702
887,1709
888,1712
889,1713
890,1714
890,4005
891,1718
892,1716
893,1719
893,4024
893,3295
894,1720
895,1721
895,1723
897,1729
898,1737
898,4231
899,1738
900,1740
901,1743
902,1745
903,1747
904,2509
904,2510
904,4090
904,4092
904,6015
905,1749
906,1750
907,1751
908,1752
909,8926
909,1753
909,4730
910,1754
911,1759
911,6666
911,6625
912,1760
913,9426
913,9424
913,9338
913,1761
914,1784
914,1762
915,1763
916,1764
917,1765
918,1766
919,1767
920,1768
920,1902
920,2404
921,1769
922,1770
923,1771
924,1772
926,1774
926,4203
927,1782
927,1977
927,2579
927,2581
927,2624
928,9982
928,1776
928,5300
929,12964
929,12869
929,12871
929,1778
929,1807
929,3969
929,3518
929,6653
930,1800
930,6656
930,6805
930,6809
930,6922
932,1781
932,1809
932,3519
932,3520
932,3934
933,6635
935,9789
935,1786
935,8209
936,1787
936,1869
936,1871
936,2147
936,2186
936,2199
936,2217
936,5294
936,5343
937,1788
938,1789
939,1790
940,1792
940,3936
940,6666
940,6599
941,1812
941,1793
942,12859
942,12852
942,1794
942,2137
942,2152
942,2207
942,1804
942,3987
942,6818
942,6819
943,1796
944,10444
944,1797
944,1913
944,2170
944,2196
944,2212
944,2222
944,2229
944,1928
944,6662
944,6668
945,1798
946,9992
946,1799
946,2141
946,2161
946,2163
946,2171
946,2192
946,2198
946,2223
947,1801
948,1802
949,1803
949,8550
950,1805
950,3496
950,3497
950,5313
951,1806
952,1950
953,1810
954,1813
954,2392
955,1814
955,1891
956,1816
956,2106
956,4765
956,85
957,1817
958,1818
958,4325
958,4588
958,8186
959,1819
960,1820
960,1821
961,1831
962,1832
963,1833
964,1834
965,1835
965,7785
966,12763
966,1836
966,8549
967,1837
968,1839
969,1840
970,1841
971,1842
972,1843
973,9855
973,3182
973,8593
973,1844
973,1846
973,2225
973,3834
973,5457
973,6822
973,8534
973,8543
973,8692
974,1845
974,7787
974,8593
975,1847
976,1848
977,1849
977,3549
977,7785
978,1850
979,1851
979,7785
980,1852
981,1853
982,1854
983,1855
984,9877
984,1856
985,1857
986,1859
987,1860
987,1875
987,1876
988,1861
988,1862
989,1863
989,1864
989,2140
989,2187
989,2200
989,2218
989,6668
990,1865
990,1866
990,2139
990,2146
990,2150
990,2169
990,2202
990,2211
990,4201
991,1867
991,1966
992,1868
992,1870
992,2148
992,2151
992,2181
992,2183
992,2205
993,1878
993,2506
993,2507
993,3308
993,4315
993,4319
993,4321
993,6016
994,1879
995,1880
995,4207
995,4222
996,1881
997,1883
998,1884
998,1963
999,7396
999,1885
999,1976
999,6527
999,7384
999,7385
999,7387
999,7388
999,7403
999,8385
1000,12967
1000,12869
1000,1886
1000,3954
1000,8540
1000,8548
1001,9983
1001,9420
1001,2164
1001,2176
1001,1906
1001,3289
1001,4103
1001,6661
1001,2648
1001,5308
1002,2385
1002,1899
1002,1888
1003,1889
1004,1890
1006,1905
1006,1933
1006,6634
1007,1895
1008,1896
1009,1897
1011,1900
1011,1942
1011,2399
1011,6601
1012,1901
1012,1898
1012,2399
1012,6665
1012,6666
1012,6593
1012,8580
1013,1903
1013,1924
1013,2385
1014,1929
1015,1907
1016,1908
1017,1909
1017,2386
1018,1910
1018,2142
1018,2206
1018,1989
1018,6666
1019,1911
1019,1956
1020,1912
1020,1994
1021,1918
1022,1919
1022,5332
1023,1920
1024,1921
1025,1922
1026,1923
1027,1926
1027,8588
1027,6650
1027,5460
1028,1987
1029,1934
1030,1935
1031,1936
1031,2408
1031,3971
1031,6591
1032,1937
1033,1938
1034,1939
1035,1940
1036,9126
1036,1941
1036,3427
1037,1943
1038,1946
1039,1947
1039,3984
1040,1948
1041,9792
1041,1949
1042,1951
1042,3970
1043,1952
1044,1953
1045,1954
1046,1955
1047,1957
1048,1958
1048,3959
1048,5329
1049,1959
1049,2402
1050,1960
1051,1961
1052,1962
1053,1964
1053,6596
1054,1965
1055,1967
1056,1968
1057,1969
1058,1970
1059,1971
1060,1972
1061,1973
1062,1974
1062,2385
1062,8530
1062,8531
1062,8534
1063,1975
1063,1985
1064,1978
1065,1979
1066,1980
1067,1981
1068,1983
1069,1984
1070,12484
1070,1986
1071,1988
1072,1989
1073,12444
1073,9827
1073,2384
1073,1990
1073,2385
1073,1999
1073,6619
1074,1991
1075,1992
1076,1993
1077,1995
1078,1996
1079,1997
1081,2002
1081,2005
1082,2003
1083,2004
1083,3306
1083,4314
1084,2006
1084,2015
1085,2007
1087,2009
1088,2010
1090,2012
1091,2013
1092,2014
1092,4316
1092,8524
1093,2016
1094,2017
1095,2018
1096,2020
1096,2031
1096,3054
1097,13010
1097,2026
1097,2021
1098,11276
1098,11197
1098,2022
1098,2027
1098,2032
1098,2030
1098,5390
1098,6123
1098,6983
1098,7107
1099,2023
1099,2034
1099,2120
1099,3025
1100,2025
1100,2028
1101,2033
1101,4881
1101,4896
1101,5262
1102,2036
1103,2037
1104,2038
1105,2039
1107,2041
1108,2042
1109,2043
1110,2044
1112,2046
1112,2072
1113,2047
1114,2048
1114,2074
1114,2051
1115,2049
1116,2050
1118,2052
1119,2053
1120,2054
1121,2055
1122,2056
1123,2057
1124,2058
1125,2059
1126,2060
1127,2061
1127,2370
1128,2062
1129,2063
1129,2073
1130,2064
1131,2065
1132,2066
1133,2067
1134,12429
1134,2068
1134,4920
1135,2069
1136,2070
1137,2071
1138,2075
1139,2076
1140,2077
1141,2078
1143,2080
1144,2081
1145,2082
1146,2083
1147,2084
1148,2085
1149,2086
1150,2087
1151,12271
1151,2095
1151,3621
1152,2096
1153,2097
1153,2715
1154,2099
1155,2101
1156,2102
1156,3922
1157,2108
1157,2112
1157,2114
1157,2127
1158,6098
1158,2110
1159,2115
1160,2119
1161,2123
1162,2124
1163,2125
1163,5630
1164,2126
1165,2138
1166,2143
1166,2230
1166,2216
1167,9996
1167,9981
1167,2144
1167,2165
1167,2185
1167,2191
1167,4433
1169,2153
1169,5159
1169,2584
1169,5274
1169,5288
1169,5290
1170,2155
1170,2180
1171,2219
1172,2182
1172,2215
1172,3601
1174,2172
1174,2195
1175,2193
1175,2197
1177,2203
1178,2204
1178,2232
1179,2208
1179,6798
1180,2209
1180,2214
1181,2213
1181,2227
1182,2224
1182,3503
1182,8699
1182,8689
1183,2231
1184,2372
1195,2255
1197,2257
1198,2258
1199,2259
1200,2260
1201,2261
1202,2262
1203,2263
1204,2264
1205,2266
1221,12997
1221,12996
1221,8392
1221,2309
1221,2310
1221,3294
1221,2311
1221,7057
1222,12719
1222,4611
1222,4495
1224,9689
1224,54
1224,49
1224,3342
1224,3346
1224,3347
1224,3352
1224,7498
1225,2363
1226,9661
1226,6464
1227,9689
1235,4490
1238,4523
1238,9298
1238,9296
1238,9293
1238,9292
1238,9289
1238,9290
1238,9291
1238,4584
1238,2021
1238,2024
1238,3690
1238,3051
1238,2992
1238,3470
1238,1899
1238,1976
1238,2034
1238,1998
1238,3469
1238,2357
1238,3691
1238,3692
1238,1905
1238,3630
1238,6183
1238,4522
1238,6784
1238,7416
1238,7429
1238,8402
1239,2345
1240,12211
1240,2347
1241,2354
1241,2357
1242,2349
1243,2362
1244,2364
1245,9659
1245,2365
1246,2366
1248,2367
1249,2368
1250,2369
1252,2373
1253,2375
1253,2374
1254,2375
1254,4512
1254,4050
1254,4076
1254,6169
1255,2375
1256,2374
1257,2376
1258,2377
1259,12919
1259,9689
1259,8761
1259,2378
1259,5258
1260,2381
1261,2381
1262,2381
1263,2381
1264,2381
1264,54
1264,49
1266,2380
1269,8856
1269,2388
1269,2656
1269,2848
1269,2389
1270,2390
1271,2384
1272,2384
1273,2384
1274,2384
1275,1980
1275,2384
1275,1898
1275,6666
1275,6668
1276,1898
1276,2386
1277,1898
1278,1898
1278,2386
1278,2406
1279,6666
1280,2393
1281,2394
1282,2395
1282,8590
1283,2396
1284,2397
1285,2398
1286,2400
1287,2401
1289,2403
1290,2405
1291,2407
1292,2654
1293,9794
1293,2409
1294,2411
1295,2412
1296,2413
1296,5432
1296,8379
1298,2415
1298,3124
1299,2416
1300,6220
1301,2420
1301,4593
1302,2419
1303,2421
1304,2422
1305,2423
1305,3379
1306,2424
1306,3164
1307,2425
1308,6084
1309,2427
1310,2429
1311,1308
1312,1310
1313,1488
1314,2430
1315,2431
1315,984
1316,2433
1316,3696
1317,2435
1318,9545
1319,2440
1319,6169
1320,11770
1320,2441
1321,9651
1321,2442
1322,2443
1323,2444
1325,4152
1327,2449
1328,2450
1329,2451
1330,2452
1331,2453
1332,2454
1333,2455
1334,2456
1335,2457
1336,2459
1338,2462
1339,1516
1340,2464
1341,1233
1341,2467
1342,1233
1342,2467
1343,2468
1344,2469
1345,2470
1345,1179
1346,2479
1347,79
1348,2481
1349,371
1349,3842
1349,2482
1350,2485
1350,2918
1350,3102
1351,2490
1352,2492
1353,12916
1353,2494
1354,2493
1354,2661
1354,2662
1355,9039
1355,5120
1355,2495
1355,5450
1357,2497
1358,2498
1359,2499
1360,2500
1361,2501
1362,2502
1363,2503
1364,2504
1365,2310
1366,2511
1367,2512
1368,2513
1368,4091
1369,2514
1370,2516
1370,4086
1370,2515
1371,2517
1371,4088
1372,1322
1372,1104
1373,2518
1374,2531
1375,2532
1376,2533
1377,3804
1377,2535
1378,9666
1378,2536
1379,9788
1379,9790
1379,9789
1379,9793
1379,9792
1379,9791
1379,9787
1379,9786
1379,9851
1379,2537
1379,2569
1379,3809
1379,4586
1379,5141
1379,8396
1380,10736
1380,2538
1380,8166
1381,2539
1382,11767
1382,4275
1382,2540
1383,2541
1384,2542
1385,2543
1386,2544
1387,2545
1388,12213
1388,2546
1388,7497
1388,8154
1389,2547
1390,2548
1391,2549
1392,2550
1393,2552
1394,2552
1396,2553
1396,2566
1396,2567
1397,2553
1397,2564
1398,9052
1398,9044
1398,2554
1398,7464
1398,5147
1399,2554
1399,4078
1399,5138
1399,3719
1400,2555
1401,2556
1402,2557
1403,2558
1404,2565
1405,2568
1406,2570
1408,2572
1408,8165
1409,2573
1411,2575
1412,2576
1413,2577
1414,2578
1415,2580
1416,2583
1417,2585
1417,2624
1418,11769
1418,2587
1419,2588
1420,2589
1421,2591
1454,2625
1455,2625
1455,2580
1456,2625
1457,2626
1458,2628
1459,2627
1460,2629
1462,9808
1462,2638
1462,3724
1463,2639
1464,2640
1465,2641
1466,2645
1466,2646
1467,2647
1468,2649
1469,2650
1470,2651
1470,3480
1471,2652
1472,2590
1473,2653
1475,2655
1476,2658
1477,2663
1478,2664
1484,4251
1484,5101
1491,2560
1496,2697
1497,2698
1498,11277
1498,9594
1498,2715
1498,2902
1498,2933
1498,7103
1498,2892
1498,2706
1498,5505
1498,5511
1498,6133
1498,7012
1498,7010
1499,12632
1499,12628
1499,12619
1499,9750
1499,2707
1500,2708
1501,2709
1501,2711
1502,2710
1505,9132
1505,2715
1505,2902
1505,2896
1506,12357
1506,9594
1506,2715
1506,2893
1506,2721
1507,2902
1507,2895
1508,13021
1508,2718
1509,5202
1509,2719
1509,5489
1510,2720
1512,2724
1513,2726
1514,2727
1515,2717
1516,2728
1517,2729
1518,2730
1519,9442
1519,2731
1522,2733
1524,2732
1525,2734
1526,2735
1527,3185
1527,2736
1528,2737
1529,2738
1530,2739
1531,13016
1531,2740
1532,9895
1532,9923
1532,2743
1532,6101
1533,2744
1534,2745
1535,9592
1535,2746
1535,7545
1536,9407
1536,2747
1537,2748
1537,3682
1538,9965
1538,2750
1539,9868
1539,2722
1540,2751
1541,2753
1542,2754
1543,2755
1544,12961
1545,2757
1546,2758
1547,2812
1547,2763
1547,5506
1548,13094
1548,2817
1548,2764
1549,2765
1549,2839
1549,3123
1550,2766
1552,2769
1554,2771
1554,8625
1555,2772
1556,2774
1556,2773
1557,2775
1558,2776
1559,2777
1561,2779
1562,11149
1562,9751
1562,9350
1562,9346
1562,2780
1562,8635
1562,8619
1563,2781
1564,2782
1565,2783
1566,2784
1567,2786
1568,2786
1570,2788
1571,2790
1574,2792
1575,2793
1575,8605
1577,2794
1578,2794
1579,2794
1580,2795
1581,2795
1582,2796
1583,2796
1584,2796
1585,2799
1586,2800
1587,2801
1588,2802
1589,2803
1589,2837
1590,1190
1590,2804
1591,13137
1591,11217
1591,2813
1591,2905
1591,2812
1592,2814
1593,2815
1594,2816
1595,2820
1596,2821
1597,2822
1598,2824
1598,5468
1599,2825
1601,2826
1601,2859
1602,12857
1602,12855
1602,5569
1602,5570
1602,2827
1603,2828
1604,2829
1605,2830
1606,2831
1607,2832
1608,2833
1609,2834
1610,2835
1611,2836
1612,2838
1612,2849
1613,2840
1614,2842
1615,2843
1616,2844
1617,2845
1618,2846
1619,2853
1620,2855
1621,2856
1622,2857
1623,2858
1624,13131
1624,11220
1624,2860
1624,7551
1625,2861
1626,2863
1627,2864
1628,2865
1629,4401
1629,2866
1632,2868
1633,2869
1634,2870
1635,2871
1636,2872
1638,2874
1640,2875
1641,2876
1642,2877
1643,2878
1644,2879
1645,2880
1646,4401
1647,2882
1648,2883
1651,2886
1652,2887
1653,2888
1654,2889
1655,2890
1656,2891
1657,2897
1657,6133
1658,2741
1659,9418
1659,2898
1659,5629
1660,2899
1661,2900
1662,2902
1662,2901
1663,2903
1665,2915
1665,2908
1665,5492
1666,2909
1667,2910
1670,2925
1671,2926
1676,2782
1677,2782
1680,2782
1681,2782
1682,2773
1683,2771
1683,8625
1684,2771
1684,8625
1685,2783
1686,2772
1687,2777
1688,2769
1689,2769
1690,2793
1690,8605
1691,2775
1692,2790
1693,2790
1694,2790
1695,2790
1696,2792
1696,8620
1696,8631
1697,2929
1698,2930
1699,2930
1700,2931
1701,2931
1702,2931
1703,2947
1704,2936
1706,2942
1706,2992
1707,2943
1707,2963
1707,3051
1708,2944
1709,2946
1709,3858
1709,3863
1710,3027
1710,3059
1710,2947
1711,2951
1711,2948
1712,2949
1713,2950
1715,2952
1716,2953
1716,2979
1717,2954
1718,2955
1719,2956
1721,5593
1722,2959
1722,3023
1722,2993
1723,2960
1724,2964
1725,2965
1726,2966
1727,2967
1729,2969
1730,2970
1731,2971
1732,2972
1737,2977
1738,2978
1740,2980
1741,2981
1742,2982
1743,2983
1744,2984
1745,2985
1758,3000
1759,3001
1760,3002
1761,3205
1761,3003
1761,5473
1765,3008
1766,3010
1766,7006
1773,5615
1778,3022
1778,3743
1779,3138
1779,3024
1779,4048
1780,3026
1781,3030
1782,3031
1783,3032
1783,5884
1783,5885
1783,5920
1783,8195
1783,8498
1783,8673
1783,8674
1784,3033
1785,3035
1786,9336
1786,3036
1787,3037
1788,3038
1789,3041
1790,2957
1793,3042
1794,3043
1795,3044
1796,3045
1797,3055
1798,3056
1800,6260
1800,3060
1801,3063
1802,3064
1803,3065
1804,11260
1804,9745
1804,3066
1805,12689
1805,9749
1805,3068
1805,3822
1805,5387
1807,3070
1808,9958
1808,9594
1808,3076
1808,6131
1808,6132
1810,3087
1811,3088
1812,3091
1813,3092
1814,3093
1815,3094
1816,3095
1817,3096
1818,3097
1819,3098
1820,3099
1821,3100
1822,3101
1823,12755
1823,3103
1823,4323
1824,3104
1825,3105
1826,3106
1827,9548
1827,3108
1828,3107
1829,3109
1830,3110
1831,11152
1831,3111
1832,3112
1833,3117
1834,3118
1834,6101
1837,3126
1838,3127
1839,3128
1840,9834
1840,3129
1841,3130
1842,3131
1842,4606
1843,9594
1843,5585
1843,3132
1844,9940
1844,3133
1845,3134
1846,3135
1847,9351
1847,3136
1847,5465
1848,3137
1849,3143
1850,3144
1851,3145
1852,3146
1853,3147
1854,3148
1855,3149
1856,3150
1857,3151
1858,3152
1859,3153
1860,3154
1861,3155
1862,3156
1863,3157
1864,3159
1865,3162
1867,3165
1868,3166
1868,7034
1869,3167
1870,3170
1871,3171
1872,3172
1872,3382
1872,3389
1872,4603
1872,8380
1873,3174
1874,3179
1874,6988
1875,3183
1875,4881
1876,3184
1877,3186
1878,3187
1879,3188
1880,9469
1880,9408
1880,3189
1880,5188
1880,7105
1881,3190
1882,3191
1883,3192
1884,3193
1885,3194
1886,3196
1887,3197
1888,3198
1889,3199
1890,3200
1891,3201
1892,3203
1893,11225
1893,3009
1894,3204
1895,3011
1896,9352
1896,3206
1897,3207
1898,3209
1898,3622
1898,3631
1899,3211
1900,3212
1901,3213
1901,3632
1901,3630
1901,6113
1903,3214
1903,6102
1904,3217
1905,12716
1905,11151
1905,9527
1905,3216
1905,5347
1905,5499
1905,5513
1905,6127
1906,3218
1907,3219
1908,3221
1909,3222
1910,3226
1911,9314
1911,3227
1912,3228
1913,3229
1914,11180
1914,3230
1914,6977
1915,3232
1916,3233
1917,3234
1918,3235
1919,3236
1920,3237
1921,3238
1921,7060
1922,3239
1923,3242
1925,3244
1926,11758
1926,3245
1927,3247
1928,3248
1928,3290
1929,3249
1930,3250
1931,3253
1932,3256
1933,3257
1934,10107
1934,3258
1934,3907
1934,3683
1935,3259
1936,3260
1937,3261
1938,3262
1939,3263
1940,3264
1941,3265
1941,3331
1942,3266
1943,3267
1944,3268
1945,3269
1946,3270
1947,3271
1948,3272
1949,3273
1950,3275
1951,3276
1951,5413
1952,3277
1953,3278
1954,3279
1955,3280
1955,6110
1956,3281
1957,3282
1958,3283
1959,3284
1960,3285
1961,3286
1962,3288
1963,3291
1964,3292
1965,3293
1966,3297
1966,4231
1966,4238
1966,4241
1966,4013
1968,3300
1969,3302
1970,3303
1970,3304
1971,3307
1972,3311
1972,4139
1973,3313
1974,3313
1975,3314
1976,3315
1977,3316
1978,3317
1979,3318
1980,3319
1981,3320
1982,3313
1983,3322
1984,3320
1985,3323
1986,3324
1987,3324
1988,3325
1989,3326
1990,3327
1991,3328
1993,3332
1994,3333
1995,3336
1996,3337
1997,3338
1998,3338
1999,8652
1999,3344
1999,3342
1999,3347
2000,3342
2000,3345
2000,3347
2001,3349
2002,3354
2003,3355
2004,3356
2005,3357
2006,3358
2007,3359
2008,3360
2009,3361
2010,3362
2011,3363
2012,3364
2013,3366
2014,3367
2015,3368
2016,3369
2017,3370
2018,3371
2019,3372
2020,3373
2021,3374
2022,3376
2023,3380
2024,3383
2025,3384
2025,4596
2026,3385
2027,3387
2028,3388
2028,8378
2029,3393
2029,3395
2030,3396
2031,3398
2033,3401
2034,3402
2035,3403
2036,3404
2037,3405
2039,3407
2040,3408
2041,11267
2041,3409
2042,3410
2043,3416
2044,3417
2045,12955
2045,12940
2045,12938
2045,12933
2045,3418
2046,2690
2047,3421
2048,3422
2050,3424
2051,3693
2051,3425
2052,3423
2059,12479
2059,3989
2059,3428
2061,5212
2064,3652
2064,3440
2065,11724
2065,3495
2065,3441
2065,3633
2065,8550
2066,3442
2066,3449
2066,3469
2067,3664
2067,3443
2068,3444
2069,3445
2069,7785
2070,3446
2071,3470
2071,3488
2072,3489
2073,3450
2074,8791
2074,3451
2075,3452
2076,3453
2077,3454
2079,3457
2083,3460
2086,3463
2087,3464
2088,3465
2089,3466
2090,3467
2091,3468
2092,8828
2092,8823
2092,8802
2092,8779
2092,8774
2092,3471
2092,5926
2092,5938
2092,5950
2092,5958
2093,3472
2094,3473
2094,4911
2095,3475
2096,3476
2097,11258
2097,3477
2098,3478
2099,3481
2100,8843
2100,3487
2101,3490
2101,3595
2102,3491
2102,3590
2103,3492
2104,3493
2104,3634
2105,3494
2106,8775
2106,3688
2106,3498
2106,5940
2107,3500
2107,4521
2107,4523
2107,4570
2107,8678
2108,4170
2108,3501
2108,3515
2108,8706
2108,8682
2108,8691
2109,3502
2109,8676
2110,3504
2111,3505
2112,3506
2113,3507
2113,4557
2114,3508
2115,3509
2116,3510
2117,3512
2118,3513
2119,3514
2120,3515
2120,8706
2121,12872
2121,3516
2121,6653
2122,3517
2122,6653
2123,3967
2123,3521
2123,3522
2124,3523
2124,3975
2124,8590
2125,4050
2125,4551
2130,3532
2132,3534
2137,13130
2137,13123
2137,13112
2137,3541
2137,6972
2137,6981
2138,3542
2139,3543
2140,3544
2141,3545
2142,3546
2142,3593
2143,3547
2143,3597
2144,8796
2144,3548
2145,3549
2146,12781
2146,3551
2147,3552
2148,3553
2149,3554
2150,3555
2151,3556
2152,3557
2153,3558
2154,3559
2155,3561
2156,3562
2157,3563
2160,7236
2162,3569
2163,8825
2163,8798
2163,3570
2163,6142
2163,6200
2164,8790
2164,3571
2164,5929
2165,3572
2166,3573
2167,3574
2168,3575
2169,3577
2170,3578
2171,3579
2172,3580
2173,3581
2174,3582
2175,3583
2176,3584
2177,3585
2178,3586
2179,3587
2180,3588
2181,3589
2182,3591
2183,3592
2184,3594
2185,3596
2186,9915
2186,3598
2187,3599
2188,3600
2189,3602
2190,3604
2191,3605
2192,3606
2193,3607
2194,3608
2196,3610
2197,3611
2198,3612
2199,3613
2200,3614
2201,3617
2202,3615
2203,3616
2204,3618
2205,3619
2206,3620
2207,3623
2208,3625
2209,3626
2210,3627
2211,3628
2212,3629
2213,3635
2213,5927
2213,5955
2214,3636
2215,3637
2216,3639
2217,3602
2218,3641
2219,3642
2220,3643
2221,3644
2222,3645
2223,3646
2224,3647
2225,3648
2226,3649
2227,3650
2228,3651
2229,3654
2232,3656
2233,3657
2234,3658
2235,3659
2236,3660
2237,3662
2238,3663
2239,3665
2240,3666
2241,3667
2242,3668
2243,3669
2245,3671
2246,3672
2247,3673
2247,6138
2247,6194
2248,3674
2249,11246
2249,3678
2249,6938
2250,3679
2251,3684
2252,3818
2252,3685
2252,3819
2253,3687
2254,3690
2255,3691
2256,3692
2257,3694
2258,3695
2259,3697
2260,3698
2261,3699
2262,3700
2263,3702
2264,3703
2265,3704
2266,3705
2267,3706
2268,3707
2269,3708
2270,3709
2271,3710
2272,3711
2272,3718
2273,3712
2275,3714
2277,3717
2278,5123
2278,3725
2278,3726
2278,5132
2279,3722
2279,4050
2280,9753
2280,3728
2281,9906
2281,3729
2281,7022
2281,8447
2282,3730
2283,3731
2284,3732
2285,3733
2286,3950
2286,3734
2287,3735
2288,3739
2288,3736
2289,3737
2290,12095
2290,3738
2291,3741
2292,9980
2292,9525
2292,9443
2292,3746
2293,3747
2294,3748
2295,3750
2296,11242
2296,3751
2296,5644
2296,6104
2297,12294
2297,2414
2297,6864
2297,9555
2297,9564
2297,3753
2297,5553
2297,5623
2298,12002
2298,3754
2298,5261
2299,3755
2300,3757
2301,3760
2302,3763
2303,3765
2304,3767
2307,3772
2307,3845
2307,3849
2308,3773
2309,3774
2310,3775
2311,3776
2312,3777
2313,3778
2314,3779
2315,3780
2316,3781
2317,3782
2318,3784
2319,3785
2320,3786
2321,3787
2322,4461
2322,3788
2323,3789
2324,3790
2325,3791
2326,3792
2327,3793
2328,3794
2329,3795
2330,3796
2331,3797
2332,3798
2333,3799
2334,3800
2335,3801
2336,3802
2337,3803
2338,3805
2339,3806
2340,3807
2341,3808
2342,3810
2343,3811
2344,12886
2344,11955
2344,10052
2344,5138
2344,6881
2344,7453
2344,7454
2344,3812
2344,6878
2344,7455
2344,6879
2344,6465
2344,6880
2344,7456
2344,8517
2345,3815
2345,3817
2345,3814
2346,3816
2348,3827
2348,3830
2349,3832
2349,6131
2350,3833
2351,3835
2351,5616
2352,3836
2353,3837
2354,3838
2355,3839
2356,3840
2357,3841
2358,3843
2359,3844
2360,3846
2361,3847
2362,3848
2363,3852
2364,3856
2365,3860
2366,3861
2368,3866
2368,6096
2369,3867
2370,3868
2371,3869
2372,3870
2373,3828
2373,8536
2374,3871
2375,3872
2376,3873
2377,3874
2378,9912
2378,3875
2379,3876
2380,3878
2382,3880
2382,8450
2383,9395
2383,3881
2384,3882
2385,3886
2386,3888
2386,3895
2386,6129
2387,3896
2387,3898
2387,3889
2387,3891
2388,9437
2388,9434
2388,3890
2389,3892
2390,3893
2391,3894
2392,3897
2392,6129
2393,3899
2394,3900
2395,9970
2395,3902
2396,3903
2397,9871
2397,3904
2398,13119
2398,3905
2399,3906
2400,3908
2400,5589
2401,3909
2402,3910
2403,3911
2404,3913
2405,3914
2406,3915
2407,3916
2408,3917
2409,3918
2410,3919
2411,3920
2412,3921
2413,3923
2414,3924
2415,3925
2417,3927
2418,9480
2418,3928
2419,3929
2419,7008
2420,3987
2420,3935
2421,3936
2421,6598
2422,3937
2422,6657
2423,3938
2424,3939
2425,3942
2425,5476
2426,3943
2427,12710
2427,11265
2427,11168
2427,3944
2427,5632
2429,3945
2430,3946
2431,3947
2432,3948
2433,3949
2434,12965
2434,12869
2434,6659
2434,3952
2435,3952
2436,3953
2437,13094
2437,3955
2438,3956
2438,5330
2439,3957
2440,3958
2440,3977
2441,3960
2442,3961
2443,3962
2444,3963
2445,3964
2446,3965
2447,3966
2448,3968
2448,3988
2449,3972
2450,3973
2451,3974
2452,3976
2453,3978
2453,6654
2453,6602
2454,3979
2455,3980
2456,3981
2457,3982
2458,3983
2459,3985
2460,13073
2460,13031
2460,3986
2461,3987
2462,12968
2462,12869
2462,3987
2463,3987
2464,3987
2465,3992
2466,3999
2467,4000
2468,4001
2469,4002
2470,4004
2471,4006
2472,4007
2473,4009
2474,4010
2475,9500
2475,9491
2475,8920
2475,4011
2476,4012
2477,9494
2477,4014
2478,4015
2478,4023
2479,4020
2480,4022
2481,4025
2482,4027
2482,4932
2484,4030
2485,4031
2486,4032
2487,4033
2488,4035
2489,4036
2490,4037
2490,6096
2491,4038
2491,6595
2492,4039
2493,4040
2494,4041
2495,4042
2496,4043
2497,4044
2498,4046
2498,7780
2500,4050
2500,4083
2501,4050
2502,4050
2503,4051
2504,9657
2504,4052
2504,4053
2504,7425
2505,9695
2505,9659
2505,4475
2505,4053
2506,4053
2508,4055
2509,4056
2509,6477
2510,4057
2511,4058
2512,4060
2513,12425
2513,4061
2513,4066
2514,4062
2515,4064
2516,4065
2517,4069
2517,6463
2518,4070
2519,12913
2519,12375
2519,12353
2519,4071
2520,9794
2520,4072
2521,4073
2521,4082
2522,4074
2523,4077
2524,4079
2525,4320
2525,4087
2525,4084
2525,4085
2525,4093
2525,4094
2526,4089
2527,4322
2527,4093
2527,6883
2527,6018
2528,4095
2529,4096
2530,4097
2531,11240
2531,9478
2531,4102
2531,5411
2532,9879
2532,4105
2532,6069
2533,4114
2534,4117
2535,4118
2536,12631
2536,11245
2536,4124
2536,6064
2537,4126
2537,6078
2538,4128
2539,4130
2539,5540
2540,4133
2540,6266
2540,6269
2540,7024
2541,4134
2541,5547
2542,4137
2543,4140
2544,4142
2545,4143
2546,4144
2547,4145
2548,4146
2549,4147
2550,4148
2551,4149
2552,4150
2553,4151
2554,4153
2555,4154
2556,4155
2557,4156
2558,4157
2559,4158
2560,4159
2561,4160
2562,4161
2563,4163
2564,4164
2565,4165
2566,4166
2567,4167
2568,4168
2570,4172
2571,4173
2572,4174
2573,4175
2574,4176
2575,4177
2576,4178
2577,4179
2578,4180
2578,8701
2579,4181
2580,4182
2581,4183
2582,4185
2583,4186
2583,6106
2584,4184
2585,4184
2586,6784
2586,4138
2586,5445
2587,4187
2588,4188
2589,4189
2592,4192
2593,8936
2593,4193
2593,4198
2593,5027
2594,4196
2594,4198
2595,4197
2595,4198
2596,4202
2597,11760
2597,9787
2597,9858
2597,4204
2597,5293
2597,7244
2597,6269
2598,10783
2598,4205
2599,10785
2599,4208
2599,4214
2600,4209
2600,4212
2601,4210
2601,4213
2603,4216
2603,4239
2604,4218
2604,4224
2604,5028
2606,4220
2608,4223
2609,4225
2610,4226
2611,4227
2612,4228
2612,6828
2612,6833
2613,4234
2614,4235
2614,4240
2615,4237
2616,4242
2617,4244
2618,4245
2619,4246
2619,6655
2619,6659
2620,4248
2620,4249
2621,4251
2621,5101
2622,4253
2623,4254
2624,4255
2625,4256
2626,4257
2627,4258
2628,4259
2629,4260
2630,4261
2631,9690
2631,4263
2632,4264
2633,3994
2634,4266
2635,4267
2635,6868
2636,4268
2637,4273
2638,4274
2639,4276
2640,4277
2641,4278
2642,4280
2647,11656
2647,4888
2656,9133
2656,6108
2659,11664
2664,4311
2664,5418
2665,4317
2666,4318
2667,4319
2668,11152
2668,4330
2669,4335
2669,7553
2670,4336
2672,4339
2700,7483
2705,4374
2706,4375
2707,4376
2710,4378
2711,4379
2712,4380
2713,4381
2714,4382
2715,4383
2716,4384
2717,4385
2718,4386
2719,4387
2721,12139
2724,4390
2732,4392
2732,4394
2736,4401
2737,12136
2737,4400
2738,4401
2739,12136
2739,4400
2740,12136
2740,4400
2741,4400
2742,4400
2743,4400
2744,4401
2745,4401
2745,4415
2746,4401
2752,4403
2763,4406
2764,4407
2765,4408
2766,4409
2767,4410
2768,4411
2769,4412
2770,4413
2771,4414
2772,4416
2773,4417
2773,4423
2774,4418
2775,4419
2776,4420
2777,4421
2778,4422
2779,4424
2780,4407
2781,4424
2782,4425
2783,4428
2784,4429
2785,4430
2786,4431
2787,4432
2788,4433
2789,4459
2789,6606
2790,9517
2791,9986
2793,9994
2793,9853
2793,4766
2793,8585
2797,9790
2797,5373
2797,8203
2799,4466
2800,4473
2800,4467
2801,4468
2802,4469
2803,10033
2803,9802
2803,9688
2803,4470
2803,4552
2804,4472
2804,4471
2805,4476
2806,4506
2806,4507
2807,4474
2808,4477
2809,12422
2809,11782
2809,4478
2810,4479
2811,4480
2812,4481
2813,4482
2814,4483
2815,4484
2816,4485
2817,4487
2818,4488
2819,4491
2820,4492
2821,4493
2822,4494
2823,4496
2824,4497
2825,4498
2826,4500
2826,4499
2827,4501
2828,4502
2829,4503
2830,4504
2830,8652
2831,4505
2832,4508
2833,4509
2833,4510
2834,4511
2835,4515
2835,4516
2836,4519
2836,4522
2837,4520
2838,4757
2838,4652
2838,4758
2838,4644
2838,4645
2838,4646
2838,4648
2838,4650
2838,4653
2838,4655
2838,4657
2838,4659
2838,4661
2838,4663
2838,4665
2838,4700
2838,4702
2838,4704
2838,4706
2838,4708
2838,4710
2838,4712
2838,4656
2838,4658
2838,4647
2838,4649
2838,4651
2838,4654
2838,4660
2838,4662
2838,4664
2838,4699
2838,4701
2838,4703
2838,4705
2838,4707
2838,4709
2838,4711
2838,5696
2838,5697
2838,5698
2838,5699
2838,5700
2838,5701
2838,5702
2838,5703
2838,5704
2838,5705
2838,5706
2838,5707
2838,5708
2838,5709
2838,5710
2838,5711
2838,5712
2838,5713
2838,5714
2838,5715
2838,5716
2838,5717
2838,5718
2838,5743
2838,5744
2838,5745
2838,5746
2838,5747
2838,5748
2838,5749
2838,5750
2838,5751
2838,5752
2838,5753
2838,5754
2838,5755
2838,5756
2838,5757
2838,5758
2838,5759
2838,5760
2838,5761
2838,5762
2838,5763
2838,5764
2838,5765
2838,5766
2838,5767
2838,5768
2838,5769
2838,5770
2838,5771
2838,5772
2838,5773
2838,5774
2838,5775
2838,5776
2838,5777
2838,5778
2838,4621
2838,6092
2838,6094
2838,11570
2838,11571
2838,11572
2844,4550
2845,4553
2846,4554
2847,12912
2847,4555
2848,4556
2849,4558
2850,4559
2851,4561
2852,4562
2854,4565
2855,4566
2856,4567
2857,4568
2858,4569
2860,4571
2861,4574
2862,4575
2863,4576
2864,4577
2865,4578
2866,4580
2867,4581
2869,12433
2869,4583
2870,4585
2871,4590
2871,7000
2872,12700
2872,4592
2872,6090
2873,4594
2873,8381
2874,4595
2874,5442
2876,4599
2877,4600
2878,4601
2880,11212
2880,4604
2880,5191
2881,4605
2882,4610
2882,4822
2883,4612
2883,4780
2884,4613
2885,4614
2885,4770
2886,4615
2887,4620
2887,4623
2887,4632
2887,4641
2887,4624
2887,4622
2888,4623
2888,4620
2888,4624
2888,4640
2888,4622
2889,12305
2889,4622
2890,4625
2891,4626
2892,4627
2893,4628
2894,4629
2895,4630
2896,4631
2897,4633
2898,4634
2899,4635
2900,11876
2900,4636
2901,4637
2902,4638
2903,4639
2904,4642
2905,4643
2907,4667
2907,4672
2907,4677
2907,4681
2907,4668
2907,4673
2907,4678
2907,4669
2907,4674
2907,4670
2907,4675
2907,4679
2907,4682
2907,4684
2907,4686
2907,4688
2907,4690
2907,4692
2907,4694
2907,4696
2907,4698
2907,4671
2907,4676
2907,4680
2907,4683
2907,4685
2907,4687
2907,4689
2907,4691
2907,4693
2907,4695
2907,4697
2907,4666
2908,7307
2909,4579
2911,4750
2911,4754
2911,4756
2912,7113
2912,4752
2912,4750
2912,4756
2913,4752
2914,4753
2915,11879
2915,4753
2916,4753
2917,4753
2918,4721
2918,4777
2919,10250
2919,10249
2919,10247
2919,10227
2919,10216
2919,4724
2919,4818
2920,10220
2920,4722
2921,10240
2921,10222
2921,4723
2922,4713
2923,4732
2924,4733
2925,4734
2926,4735
2926,4790
2927,4748
2928,4718
2929,4725
2930,4726
2930,4731
2931,4727
2932,10232
2932,10226
2932,4728
2933,4729
2934,4737
2935,4738
2936,4739
2937,4740
2938,4746
2938,4736
2939,4741
2940,4742
2941,4743
2942,4744
2943,4745
2944,4760
2946,9993
2946,9854
2946,4924
2946,4767
2946,8538
2947,4764
2948,4768
2949,12736
2949,9794
2949,4769
2950,4772
2951,4776
2951,4773
2952,4774
2952,4776
2952,4819
2953,4776
2953,4775
2954,4778
2955,4778
2956,4778
2957,4778
2958,4778
2959,4779
2960,4781
2961,4782
2962,4784
2963,4785
2964,4786
2964,4858
2965,10786
2965,4787
2966,4788
2967,4789
2968,4791
2969,4797
2969,4792
2969,4798
2970,4793
2970,4798
2971,4794
2971,4798
2972,4795
2972,4798
2973,4798
2973,4796
2974,4799
2975,4800
2976,4801
2977,4802
2978,4803
2979,4804
2979,4827
2980,4805
2981,4806
2981,4877
2982,4807
2983,8862
2983,8871
2983,8858
2983,4808
2984,4809
2985,4810
2986,4811
2987,4812
2987,4814
2988,4812
2988,4814
2989,4813
2989,4814
2990,4815
2991,4816
2992,4817
2993,4821
2994,4823
2995,4824
2996,4825
2997,4826
2998,4828
2999,4829
3000,4830
3001,4831
3002,4832
3003,4833
3003,4849
3004,4834
3004,6550
3004,6674
3005,4835
3006,4836
3007,4837
3008,4838
3009,4839
3010,4840
3011,4841
3011,4846
3012,4842
3013,4843
3014,4844
3015,4845
3016,4847
3017,4848
3018,4850
3019,4851
3020,4851
3021,4852
3022,4853
3023,4854
3023,4859
3024,4855
3025,4856
3026,4857
3027,4860
3027,4865
3028,4861
3029,4862
3030,4863
3031,4864
3032,4866
3033,4867
3034,4868
3036,4870
3037,4871
3038,4872
3039,4873
3040,4874
3041,4875
3042,4876
3043,4878
3044,12849
3044,4879
3044,8247
3045,4880
3046,4882
3047,4882
3048,4883
3049,4883
3050,4883
3051,4884
3052,4884
3053,4884
3054,4885
3054,4887
3055,12831
3055,4885
3055,4887
3056,4886
3057,4886
3058,4886
3059,12824
3059,4886
3060,4888
3061,4888
3062,4888
3063,4889
3064,4890
3065,4890
3066,4890
3067,4894
3067,4891
3068,4892
3069,4892
3070,4892
3071,4893
3072,4894
3072,4900
3073,4894
3074,4895
3075,4896
3076,4896
3077,4896
3078,4897
3079,4898
3080,4899
3081,4900
3082,4900
3082,4903
3083,4900
3084,4900
3084,6277
3085,11665
3085,4900
3086,4901
3087,4902
3088,4902
3089,4903
3090,4903
3091,4903
3092,4897
3093,4907
3094,4908
3095,4909
3096,4910
3096,4913
3097,4912
3098,4914
3099,4916
3100,4918
3101,4919
3102,4921
3103,4923
3104,4925
3105,4926
3106,4928
3107,4929
3108,4930
3109,4931
3109,4943
3109,4944
3110,4939
3110,4933
3111,4933
3112,4936
3112,4933
3113,4933
3114,4940
3114,4944
3115,4941
3116,4942
3117,4947
3117,4944
3118,4945
3118,4946
3119,4948
3120,4951
3121,4952
3122,4953
3123,4954
3124,4955
3125,4956
3126,4958
3127,11300
3127,4959
3128,4960
3129,4961
3130,4962
3131,4963
3132,4963
3133,4963
3134,4964
3135,4965
3136,4966
3137,4967
3138,4968
3139,4969
3140,4970
3141,4971
3142,4972
3143,4973
3144,4974
3145,4975
3146,4976
3147,4977
3148,4978
3149,4979
3150,4980
3151,4980
3152,4981
3153,4982
3154,4983
3155,4984
3155,4986
3156,4985
3156,4987
3157,4988
3158,4989
3159,4990
3160,4991
3162,4993
3163,4994
3164,4995
3165,4996
3166,4997
3167,4998
3169,4999
3170,5000
3172,4999
3174,8611
3187,8614
3213,9437
3213,9432
3226,5023
3227,5024
3228,5026
3228,5040
3229,5029
3230,5030
3232,5033
3233,5034
3234,5035
3235,5036
3236,5037
3237,5038
3238,12398
3238,10094
3238,9772
3238,9785
3238,9784
3238,9783
3238,9782
3238,9781
3238,9780
3238,9777
3238,9776
3238,9778
3238,9779
3238,9775
3238,9774
3238,9773
3238,9771
3238,9770
3238,9769
3238,9768
3238,5039
3238,5040
3238,8494
3238,8518
3238,8521
3239,5040
3240,5040
3241,4771
3259,5060
3260,5061
3279,5062
3280,5063
3281,5064
3281,5076
3282,5065
3283,5066
3284,5075
3284,5067
3285,5068
3286,5069
3287,5070
3288,5071
3289,5071
3291,5073
3292,5074
3292,5077
3293,5078
3294,5079
3295,5080
3296,5081
3297,5115
3297,5082
3298,5083
3299,5084
3300,5085
3303,370
3307,5097
3308,5102
3309,5101
3310,5104
3311,5105
3312,5106
3313,5107
3314,5108
3315,5109
3316,5121
3316,5110
3317,5111
3318,5112
3319,5113
3320,5114
3321,5116
3322,5117
3323,5118
3324,5119
3325,5124
3326,5125
3327,4720
3328,5126
3329,5127
3330,4719
3331,5128
3332,5129
3333,5131
3334,5132
3335,5132
3336,5132
3337,9048
3337,5132
3337,7426
3337,7427
3337,8493
3338,5132
3339,5132
3339,5140
3340,5133
3340,5134
3342,5137
3343,5139
3344,5142
3345,6110
3345,5143
3346,9955
3346,6267
3347,5147
3352,5147
3352,7466
3353,5147
3354,5147
3355,5147
3356,5160
3356,8547
3357,5163
3358,5162
3359,5213
3360,5214
3361,5215
3362,5217
3363,5218
3364,5219
3365,5220
3366,5221
3367,5222
3368,5223
3369,9505
3369,5224
3370,8339
3370,5263
3370,8428
3370,8465
3370,8466
3370,8467
3370,8496
3370,8497
3370,8500
3370,8501
3370,8502
3370,8503
3370,8504
3370,8505
3370,8506
3370,8507
3370,8508
3370,8509
3370,8510
3370,8511
3370,8512
3370,8513
3371,5250
3372,5253
3373,5254
3374,5257
3375,5256
3376,5259
3377,5255
3378,5260
3380,11998
3380,5262
3381,12766
3381,12761
3381,5264
3381,5263
3381,5393
3382,5268
3383,11997
3383,5206
3383,5265
3384,5266
3385,5231
3386,5233
3387,5234
3388,9946
3388,5235
3389,5172
3390,9468
3390,5173
3391,5174
3392,5175
3393,11153
3393,5176
3395,5178
3396,5179
3397,12768
3397,5185
3398,9878
3398,5187
3400,9465
3400,5189
3401,9397
3401,9378
3401,5392
3402,5192
3403,5194
3404,5196
3405,12003
3405,11275
3405,9381
3405,5197
3405,5488
3406,9474
3406,5198
3407,5281
3408,5199
3409,5200
3410,5201
3411,5203
3412,11151
3412,9477
3412,5204
3412,5635
3412,6967
3413,5205
3414,5236
3415,5237
3416,5238
3417,5240
3417,5245
3418,5241
3419,5242
3420,5243
3421,5244
3421,5247
3422,5246
3423,5248
3425,5286
3426,5285
3427,5289
3427,5287
3428,5292
3429,5291
3430,5298
3431,9488
3431,9504
3431,5302
3432,5295
3433,5296
3434,5297
3435,5299
3436,5301
3437,5303
3438,5304
3438,6929
3439,5305
3440,5306
3441,5307
3442,5310
3442,8586
3443,12489
3443,12482
3443,5311
3443,6668
3443,6624
3443,8097
3443,8577
3443,8579
3443,8592
3444,5312
3445,5314
3446,5315
3447,5316
3448,5317
3449,9791
3449,5318
3450,5319
3451,5320
3452,5321
3453,5322
3454,12869
3454,5323
3454,5353
3455,5324
3456,5325
3456,5374
3457,5326
3464,5331
3465,5334
3466,5335
3467,5336
3468,5341
3469,5344
3470,5345
3472,5348
3473,9793
3473,5350
3473,8548
3474,5352
3475,5355
3476,5357
3477,5359
3477,5361
3477,6638
3478,5360
3479,5362
3480,5363
3481,5364
3481,6659
3481,8583
3482,5366
3483,5368
3484,5369
3485,5370
3486,5372
3488,5395
3489,5398
3490,5399
3491,5400
3492,5401
3493,5402
3494,5403
3495,5404
3496,5405
3497,11256
3497,5406
3498,5407
3499,9531
3499,5408
3500,5409
3501,5410
3503,5412
3504,5415
3505,5416
3506,5417
3507,5419
3508,5424
3509,5425
3510,5426
3511,11270
3511,5427
3512,5428
3513,5430
3514,5431
3515,5433
3515,5388
3516,5571
3516,5434
3516,4338
3517,5435
3518,5436
3519,5438
3520,5439
3521,5440
3522,11360
3522,11150
3522,9528
3522,5328
3522,5618
3522,6794
3522,6936
3522,7025
3522,8446
3523,5333
3524,5337
3525,5338
3526,9450
3526,5621
3527,5340
3527,5622
3528,5346
3529,13059
3529,5349
3530,5351
3531,5354
3532,5358
3533,5365
3534,5367
3535,5371
3536,5375
3536,5376
3537,9441
3537,5377
3537,7009
3538,5378
3539,13072
3539,9460
3539,5380
3540,5382
3541,5383
3541,5634
3542,5384
3543,9389
3543,5385
3544,5389
3544,5606
3545,5391
3547,5396
3548,5414
3548,5423
3549,9444
3549,5420
3550,5421
3551,5422
3552,5494
3553,9735
3553,9730
3553,9340
3553,5444
3553,5452
3554,9728
3554,5446
3555,5447
3556,5448
3557,5449
3558,5451
3559,9726
3559,5453
3560,5454
3561,5456
3561,8534
3562,5458
3563,5459
3563,8530
3564,9918
3564,9898
3564,5463
3564,5514
3565,5464
3567,5466
3568,5467
3569,5469
3570,5470
3570,6127
3571,5471
3572,5472
3573,5474
3575,5477
3576,5478
3577,5481
3578,5482
3579,9466
3579,5483
3580,5485
3581,5486
3582,5487
3583,5490
3584,12301
3584,11229
3584,5493
3585,5541
3586,5542
3587,5543
3587,6106
3588,5545
3589,11171
3589,5556
3589,5604
3590,5498
3591,5500
3592,5501
3593,5502
3594,9473
3595,5504
3596,12702
3596,9405
3596,5507
3597,9743
3597,5509
3598,5512
3599,5548
3600,5549
3601,5550
3602,5552
3603,5557
3604,5558
3605,9357
3605,5515
3606,5516
3607,5517
3608,5518
3609,5519
3611,9400
3611,5521
3612,5522
3613,9401
3613,9584
3613,5524
3614,5525
3615,5526
3616,5527
3617,9451
3617,5528
3618,9358
3618,5529
3619,9942
3619,5530
3620,5531
3621,5532
3622,9900
3622,5533
3623,5534
3624,9566
3624,5535
3625,5536
3626,9482
3626,5537
3627,9927
3627,5539
3628,5190
3629,5475
3630,5563
3630,5564
3630,6017
3631,5565
3631,5566
3631,5567
3631,5568
3632,5573
3634,11343
3634,5579
3634,8630
3635,7005
3635,7006
3635,5580
3636,5581
3637,5582
3638,5576
3639,5577
3640,5586
3641,5587
3642,5588
3643,5591
3644,5595
3645,5596
3645,6109
3646,11552
3646,5597
3647,5598
3647,6131
3648,5599
3649,5600
3650,10429
3650,711
3650,6989
3652,5602
3653,5603
3654,13089
3654,13103
3654,11319
3654,11278
3654,5607
3655,5608
3656,5610
3657,5611
3658,5612
3659,5613
3660,5614
3661,5617
3662,9396
3662,5623
3662,6864
3663,5625
3664,5626
3665,9364
3665,5627
3666,5628
3667,5631
3668,5633
3669,5637
3670,5638
3671,5639
3672,5640
3674,5653
3674,5654
3674,5655
3674,5656
3674,5657
3674,5658
3674,5659
3674,5660
3674,5661
3674,5662
3674,5663
3674,5664
3674,5665
3674,5666
3674,5667
3674,5668
3674,5669
3674,5670
3675,11449
3675,11448
3675,11447
3675,11446
3675,11445
3675,11444
3675,11443
3675,11442
3675,11441
3675,11440
3675,11439
3675,11438
3675,11437
3675,11436
3675,11435
3675,11434
3675,11433
3675,11432
3675,11414
3675,5671
3675,5672
3675,5674
3675,5675
3675,5676
3675,5678
3675,5679
3675,5681
3675,5682
3675,5683
3675,5684
3675,5686
3675,5687
3675,5688
3675,5689
3675,5690
3675,5691
3675,5692
3676,5719
3676,5720
3676,5721
3676,5722
3676,5723
3676,5724
3676,5725
3676,5726
3676,5727
3676,5728
3676,5729
3676,5730
3676,5731
3676,5732
3676,5733
3676,5734
3676,5735
3676,5736
3676,5737
3676,5738
3676,5739
3676,5740
3676,5741
3676,5742
3677,5779
3677,5825
3677,5826
3677,5827
3677,5828
3677,5829
3677,5830
3677,5831
3677,5832
3677,5833
3677,5834
3677,5835
3677,5836
3677,5837
3677,5838
3677,5839
3677,5840
3677,5841
3677,5842
3677,5843
3677,5844
3677,5845
3677,5846
3677,5847
3677,5848
3677,5849
3677,5850
3677,5851
3677,5852
3677,5853
3677,5854
3677,5855
3677,5856
3677,5886
3677,5887
3677,5888
3677,5889
3677,5890
3677,5891
3677,5892
3677,5893
3677,5894
3677,5895
3677,5896
3677,5897
3677,5898
3677,5899
3677,5900
3677,5901
3677,5902
3677,5903
3677,5904
3677,5905
3677,5906
3677,5907
3677,5908
3677,5909
3677,5910
3677,5911
3677,5912
3677,5913
3677,5914
3677,5915
3677,5916
3677,5917
3677,5918
3677,5919
3678,5780
3678,5783
3678,5785
3678,5786
3678,5787
3678,5790
3678,5792
3678,5793
3678,5794
3678,5795
3678,5799
3678,5800
3679,5803
3679,5804
3679,5813
3679,5814
3679,5815
3679,5816
3679,5817
3679,5818
3679,5812
3680,5805
3680,5806
3680,5807
3680,5808
3680,5809
3680,5810
3680,5811
3680,5819
3680,5820
3680,5821
3680,5822
3680,5823
3681,5824
3682,7075
3684,5925
3685,8782
3685,5928
3685,6204
3687,5930
3688,5931
3689,5932
3690,5933
3691,5934
3692,5935
3693,5936
3694,5939
3695,5941
3695,6153
3695,6214
3696,5942
3697,5943
3698,5944
3699,5945
3700,5946
3701,5947
3702,5948
3702,5954
3703,5949
3704,8793
3704,5951
3705,5952
3706,5953
3707,5957
3708,8785
3708,5937
3708,6180
3709,12028
3709,5971
3709,5972
3709,5973
3709,5974
3710,5975
3711,5976
3711,5977
3711,5978
3711,5979
3711,5980
3712,5976
3712,5977
3712,5978
3712,5979
3712,5980
3713,5981
3714,5981
3715,5982
3716,5982
3717,5985
3717,5986
3717,5987
3717,5988
3717,5989
3717,5990
3717,5991
3717,5992
3717,5993
3717,5994
3729,10446
3729,7015
3733,6011
3734,5956
3735,5975
3736,5975
3737,5975
3738,5975
3739,5975
3740,5975
3741,5975
3742,5975
3743,5975
3744,5975
3745,5975
3746,5975
3758,8657
3768,6055
3769,6057
3770,6058
3771,6059
3772,6060
3773,6061
3774,6062
3775,6063
3776,6065
3777,6066
3778,6067
3779,6068
3780,6070
3781,6071
3782,6072
3783,6073
3784,6074
3785,6075
3786,6076
3787,6077
3789,6085
3790,6087
3791,6088
3793,6095
3794,6096
3795,9589
3795,6099
3795,7013
3795,7010
3796,6121
3797,6134
3798,6135
3799,6134
3800,6134
3801,6134
3802,6110
3803,6100
3804,6101
3805,6102
3806,6103
3807,6103
3808,6103
3809,6103
3810,9366
3810,6104
3811,6105
3812,6107
3812,6969
3813,6107
3815,6109
3816,6109
3817,6136
3818,9910
3818,6111
3819,9369
3819,6111
3820,6111
3821,6112
3822,6112
3823,6112
3824,6114
3827,6117
3828,6118
3829,6119
3830,6119
3831,6119
3832,6120
3833,6120
3834,6122
3835,6122
3836,6122
3837,6122
3838,6108
3839,6108
3840,6108
3841,6108
3842,6123
3843,6123
3843,8086
3844,6124
3845,6124
3846,6125
3847,6125
3848,6125
3849,6125
3850,11697
3850,6126
3851,6126
3852,6127
3853,6128
3854,6128
3855,6129
3856,6130
3857,6130
3858,9835
3858,9594
3858,6131
3859,6132
3860,6139
3861,6140
3862,6141
3863,6143
3864,6144
3865,6145
3866,6146
3867,6147
3868,6148
3869,8828
3869,8824
3869,6149
3870,6150
3871,8797
3871,6151
3872,6152
3873,6154
3873,6193
3874,6156
3875,6157
3876,6158
3877,6159
3878,6160
3879,6161
3879,6168
3879,6189
3880,8786
3880,6162
3880,6168
3880,6195
3881,8783
3881,6163
3881,6168
3881,6190
3882,6164
3882,6168
3883,6165
3883,6168
3884,8781
3884,6166
3884,6168
3885,6167
3885,6168
3895,6169
3896,8534
3899,12858
3899,1892
3899,6658
3900,6179
3901,6181
3901,6182
3901,6184
3901,6183
3902,8800
3902,6185
3903,8788
3903,6186
3904,6187
3905,6188
3906,6191
3907,6192
3908,6196
3909,6197
3910,6198
3911,6199
3912,6201
3912,6219
3913,6202
3914,6203
3915,6205
3916,6206
3917,6208
3918,6209
3919,6210
3920,6211
3921,6212
3922,6215
3923,6216
3924,6217
3925,6221
3926,6222
3927,6223
3928,6224
3929,6225
3930,6226
3931,6227
3932,6228
3933,6230
3934,6231
3935,6232
3936,6233
3937,6234
3943,8979
3952,7245
3964,6662
3964,6816
3964,6819
3966,6259
3967,6261
3968,8828
3968,8826
3968,6262
3969,6263
3970,6275
3971,6276
3972,6277
3973,6278
3974,6279
3974,6656
3975,6280
3976,6280
3977,9857
3977,6264
3977,8587
3978,6265
3978,8587
3980,6268
3981,6270
3982,6271
3983,12212
3983,6272
3984,6273
3984,6537
3984,6582
3985,6274
3986,6023
3987,5966
3988,6292
3988,6296
3988,6294
3989,5965
3994,6345
4029,6462
4030,6466
4031,6467
4032,6468
4033,6470
4034,6471
4035,6472
4036,9686
4036,6473
4037,6474
4038,6475
4038,8556
4039,6476
4040,6478
4041,6479
4045,6496
4046,6497
4046,6499
4047,10793
4047,6500
4048,10791
4048,6501
4049,6503
4050,6504
4051,6505
4051,6827
4051,6833
4052,10790
4052,6506
4053,6507
4054,6508
4055,6509
4056,6510
4057,6511
4058,6512
4059,10245
4059,6488
4059,6495
4059,6530
4060,6488
4061,10217
4061,6489
4061,6544
4061,6551
4061,6674
4061,8411
4062,11086
4062,10411
4062,10412
4062,10410
4062,10407
4062,10002
4062,6490
4062,6494
4062,8415
4062,8413
4062,8414
4063,6491
4063,6492
4063,6540
4063,6576
4063,8412
4063,8414
4064,10007
4064,10004
4064,6491
4065,10408
4065,6493
4065,6571
4066,6524
4066,6527
4067,6523
4068,6516
4069,6517
4069,6519
4070,6518
4070,6519
4071,6520
4071,6522
4072,6521
4072,6522
4073,6525
4073,6527
4074,6526
4074,6527
4075,6519
4076,6522
4077,6528
4078,6529
4079,6531
4080,6532
4080,6560
4081,6580
4081,6581
4081,6675
4082,6533
4082,6581
4083,6534
4083,6581
4083,6673
4084,6535
4084,6675
4085,6581
4085,6669
4085,6553
4085,6556
4086,6536
4086,6582
4087,6538
4087,6582
4089,6539
4089,6582
4090,6541
4091,6542
4092,10221
4092,9999
4092,6543
4092,6579
4093,6671
4093,6672
4095,6653
4097,7783
4108,12487
4109,11721
4151,6657
4151,8089
4152,6657
4153,6657
4153,6643
4154,6657
4155,6657
4156,6659
4156,6660
4156,6668
4157,6726
4158,6659
4159,6660
4160,6660
4161,6660
4162,6660
4162,8580
4163,6660
4164,6660
4165,6662
4165,6668
4165,6593
4166,12862
4166,6662
4166,6821
4166,6909
4166,8088
4167,6663
4167,8684
4168,6664
4169,6666
4169,6668
4169,6621
4170,6666
4170,6593
4171,6666
4172,6666
4173,6666
4174,6666
4175,6666
4176,6630
4177,6631
4178,6632
4179,6633
4180,6636
4181,6637
4182,6639
4183,6640
4184,6641
4185,6642
4186,6644
4187,6645
4188,6646
4190,6648
4191,6649
4192,6651
4192,8550
4193,6652
4194,6589
4195,6590
4196,6592
4197,6593
4198,6593
4199,6594
4200,6597
4201,6600
4202,6603
4202,8205
4203,6604
4204,6605
4205,6607
4206,6608
4207,6609
4208,6610
4209,6611
4210,6612
4211,6613
4212,6614
4212,6840
4212,8473
4213,6615
4214,6616
4216,6618
4217,6626
4220,6629
4221,6622
4222,6623
4223,6545
4224,8868
4224,6546
4225,6547
4225,6675
4226,6548
4226,6675
4227,6675
4227,6670
4228,6549
4228,6674
4228,6564
4228,6565
4229,6551
4229,6674
4230,6551
4230,6674
4231,6552
4231,6674
4232,6554
4232,6556
4233,6555
4233,6556
4234,6557
4234,6560
4235,6560
4235,6558
4236,6559
4236,6575
4236,6560
4237,10225
4237,6561
4237,6565
4238,6562
4239,6563
4239,6565
4240,6565
4241,6566
4241,6569
4241,6570
4242,6570
4243,6568
4243,6570
4244,6572
4245,6573
4246,6574
4247,6577
4248,6578
4249,6728
4250,6728
4251,6729
4251,6999
4252,6730
4253,6731
4254,6732
4255,6733
4256,6735
4257,6736
4258,6737
4259,6738
4263,6740
4264,2756
4278,11767
4281,6760
4282,6761
4283,6762
4284,6763
4285,6764
4285,7408
4285,8319
4286,12330
4286,6765
4287,6768
4287,6769
4294,6779
4295,6780
4296,6781
4297,6782
4298,6783
4299,6784
4301,6799
4301,6803
4302,6800
4302,6803
4303,6801
4303,6803
4304,6802
4304,6803
4305,6804
4305,6810
4305,6815
4305,8096
4306,6806
4306,6809
4306,6815
4307,6807
4307,6809
4308,6808
4308,6809
4309,6811
4309,6815
4310,6812
4310,6815
4311,6813
4311,6815
4312,6814
4312,6815
4313,9780
4313,9776
4313,6817
4313,6819
4314,6819
4315,6820
4316,6823
4318,6825
4320,6831
4321,6832
4322,6839
4323,6837
4324,6836
4325,6835
4326,6785
4327,6786
4328,6787
4329,6788
4330,6789
4331,6790
4332,8847
4332,6791
4333,6792
4334,6793
4335,6795
4336,6796
4337,6797
4338,6850
4338,7425
4340,6851
4341,6886
4341,6884
4341,6887
4341,6889
4341,6888
4341,6885
4341,6890
4341,6891
4341,6892
4341,6893
4341,6894
4341,6895
4341,6896
4341,6897
4341,6898
4343,6862
4344,6863
4345,6865
4346,6866
4348,6869
4349,6870
4350,6872
4350,8439
4351,6873
4352,6871
4353,6910
4354,6912
4355,6913
4356,6914
4357,6915
4358,6916
4359,6917
4360,6918
4362,6920
4363,6921
4364,6923
4365,9973
4366,6925
4366,6934
4367,6926
4368,6927
4369,6928
4370,6930
4371,6931
4372,6932
4373,6933
4374,9714
4374,6937
4375,9349
4375,6938
4376,6938
4377,2911
4377,5267
4377,7038
4377,6942
4377,9083
4378,6944
4379,6945
4380,10446
4380,7002
4380,7006
4380,7010
4381,7003
4381,7008
4382,7003
4382,7008
4383,7008
4384,7006
4385,7007
4385,7008
4386,9846
4386,7013
4386,7010
4387,10446
4387,7014
4388,8848
4388,6947
4389,11165
4389,9486
4389,6948
4390,6949
4391,6950
4392,6951
4393,6953
4394,6954
4396,13170
4396,7032
4397,7033
4397,6997
4398,12695
4398,12298
4398,7035
4399,7036
4400,7038
4401,7040
4402,6956
4403,6957
4404,6959
4404,6961
4405,6960
4406,6960
4406,7061
4407,11354
4407,6962
4408,6963
4409,9756
4409,6964
4409,8250
4410,9095
4410,7018
4411,9536
4411,7019
4412,11183
4412,7023
4413,7021
4414,7028
4415,9384
4415,9380
4415,7043
4416,7045
4417,7046
4418,7047
4419,7048
4421,7052
4422,7053
4423,6966
4424,6968
4426,6971
4427,6973
4428,6975
4429,6979
4430,6980
4432,6978
4433,6984
4434,6985
4435,6986
4436,6985
4437,6985
4438,6985
4439,6985
4440,13016
4440,6989
4441,6990
4442,9905
4442,9470
4442,6991
4443,6992
4444,6992
4445,6992
4446,6993
4447,6994
4448,6994
4449,6995
4450,6995
4451,6996
4452,6996
4453,6997
4454,6997
4455,6997
4456,6998
4457,6999
4459,7001
4460,13089
4460,7001
4461,6981
4462,7054
4463,7055
4464,7056
4466,7058
4467,7059
4468,6961
4469,7060
4470,7061
4471,6970
4472,7096
4472,7090
4472,7091
4472,7092
4472,7093
4472,7062
4472,7063
4472,7064
4472,7065
4472,7066
4472,7080
4472,7081
4472,7082
4472,7083
4472,7084
4472,7085
4473,7094
4473,7067
4473,7068
4473,7069
4473,7070
4473,7071
4473,7072
4473,7073
4473,7074
4473,7076
4473,7077
4473,7078
4473,7079
4473,7086
4473,7087
4473,7088
4473,7095
4474,7089
4475,7098
4476,7099
4477,7100
4478,7101
4479,7102
4480,11251
4480,7104
4481,7106
4482,7108
4483,7109
4483,7116
4483,7110
4484,11807
4484,7111
4485,7112
4487,7114
4488,7115
4489,7117
4490,7118
4494,9048
4494,9040
4494,6769
4494,7230
4494,7466
4495,7123
4499,6319
4499,7160
4499,7161
4499,7162
4499,7163
4499,7164
4499,7165
4499,7166
4499,7167
4499,7168
4499,7169
4499,7170
4499,7171
4502,7225
4502,7422
4503,7227
4503,7320
4504,5789
4504,5782
4504,5784
4504,5788
4504,5791
4504,5796
4504,5797
4504,5801
4504,5802
4504,5781
4504,5798
4505,7231
4506,7232
4507,7234
4508,7235
4509,7242
4509,7243
4510,7241
4511,7246
4513,7250
4514,7251
4515,7253
4516,7254
4517,7255
4517,7409
4518,7256
4519,7257
4520,7258
4521,7259
4522,7260
4523,7261
4524,7262
4525,7263
4526,7264
4527,7265
4528,7266
4529,7267
4530,7268
4532,7270
4533,7271
4534,7272
4535,7274
4536,7275
4537,7276
4538,7277
4539,7278
4540,7279
4541,7280
4542,7281
4543,7282
4544,7283
4545,7284
4546,7285
4547,7286
4548,7287
4549,7288
4550,7289
4551,7290
4552,7291
4553,7292
4554,7293
4555,7294
4556,7295
4557,7296
4558,7297
4559,7298
4560,7299
4561,7300
4562,7301
4563,7302
4564,7302
4567,7303
4568,7303
4569,7303
4570,7304
4570,7305
4570,7306
4570,7308
4570,7309
4570,7310
4572,12312
4572,7319
4573,7313
4574,7314
4574,7315
4574,7316
4575,7317
4575,7321
4576,7318
4577,7322
4577,7323
4578,7324
4580,6379
4580,7326
4580,7327
4580,7328
4580,7329
4580,7330
4580,7331
4580,7332
4580,7501
4580,7503
4580,7505
4580,7507
4580,7509
4580,7511
4580,7513
4580,7515
4580,7517
4580,7519
4580,7521
4580,7523
4580,7525
4580,7527
4580,7500
4580,7504
4580,7506
4580,7508
4580,7510
4580,7512
4580,7514
4580,7516
4580,7518
4580,7520
4580,7522
4580,7524
4580,7526
4580,7528
4581,7333
4581,7334
4581,7335
4581,7336
4581,7337
4581,7339
4581,7338
4581,7340
4581,7341
4581,7342
4581,7343
4581,7344
4581,7345
4581,7346
4581,7347
4581,7348
4581,7349
4581,7350
4581,7351
4581,7352
4581,7353
4581,7354
4581,7355
4581,7356
4581,7357
4581,7358
4581,7359
4581,7360
4581,7361
4581,7362
4581,7363
4581,7366
4581,7367
4581,7368
4583,7372
4584,7373
4585,7374
4586,7375
4587,7376
4587,7379
4588,7377
4589,7378
4590,7380
4591,7381
4592,7382
4593,8322
4594,7405
4595,7406
4596,7407
4597,7410
4598,7411
4599,7417
4600,7418
4601,7419
4602,7420
4603,7421
4604,12999
4604,10025
4604,7416
4606,7437
4607,12893
4607,12889
4607,7438
4608,7439
4609,7440
4610,7441
4611,7462
4612,7463
4613,7443
4613,7480
4614,7445
4614,7442
4615,7445
4615,7444
4616,7445
4616,7447
4617,7446
4618,7446
4619,7446
4620,7446
4621,7446
4622,7446
4623,7446
4624,7446
4625,7447
4626,7448
4627,7449
4629,7451
4630,7452
4630,7471
4631,7467
4631,7471
4632,7468
4632,7471
4633,7469
4633,7471
4634,7470
4634,7471
4635,7471
4636,7476
4642,7477
4644,7481
4645,7484
4647,7465
4648,7466
4649,7466
4650,7466
4651,7466
4652,7233
4653,7233
4654,7233
4655,7233
4656,7233
4657,7236
4658,7236
4659,7236
4660,7236
4665,6628
4666,6318
4666,7529
4666,7531
4666,7534
4666,7535
4666,7536
4666,7538
4666,7540
4666,7542
4666,7543
4666,7554
4666,7564
4666,7566
4666,7569
4666,7530
4666,7533
4666,7537
4666,7539
4666,7541
4666,7558
4666,7565
4666,7567
4666,7568
4666,7570
4666,7571
4667,7532
4668,7491
4668,7499
4669,7499
4669,7492
4670,7493
4671,11761
4671,7494
4672,7495
4673,7547
4674,9459
4674,7548
4675,7549
4676,7550
4677,7552
4678,7555
4679,7556
4680,7557
4681,7559
4682,7560
4683,7562
4685,7563
4690,7572
4690,7588
4691,7572
4692,7572
4693,7572
4695,7575
4697,7576
4698,7577
4699,7578
4700,7579
4701,7580
4702,7642
4702,7643
4702,7645
4702,7647
4702,7663
4702,7665
4702,7666
4702,7667
4702,7669
4702,7670
4702,7673
4702,7676
4702,7681
4702,7682
4702,7683
4702,7684
4702,7685
4702,7686
4703,7581
4704,7582
4705,7583
4706,7584
4707,7585
4708,7586
4709,7587
4710,7589
4710,7602
4711,7590
4712,7591
4713,7592
4714,7593
4715,7594
4717,7596
4719,7598
4720,7599
4721,7600
4722,7601
4723,9800
4723,7602
4724,7602
4731,7721
4732,7722
4733,7723
4734,7724
4735,7724
4736,8389
4736,7724
4736,8386
4737,7726
4738,7727
4739,7727
4739,7726
4739,7724
4739,7723
4739,7722
4739,7721
4739,6345
4739,7728
4748,7746
4748,7747
4759,7763
4759,7762
4759,7764
4759,7765
4770,7775
4771,7776
4772,7777
4773,7777
4774,7778
4775,7778
4776,7644
4777,7779
4778,7779
4779,7779
4780,7780
4782,7780
4783,7780
4784,7780
4785,7781
4786,7782
4787,7782
4788,7782
4789,11659
4789,7783
4790,7784
4791,7784
4792,7784
4793,9886
4793,7785
4794,7786
4795,7786
4796,7786
4797,7787
4798,7787
4799,7787
4800,7787
4801,7787
4817,12838
4819,7172
4819,7173
4819,7174
4819,7175
4826,11727
4846,8551
4847,8551
4848,8551
4862,9824
4877,7850
4884,7649
4884,7652
4884,7655
4884,7657
4884,7658
4884,7660
4884,7662
4884,7668
4884,7671
4884,7672
4884,7674
4884,7675
4884,7677
4884,7678
4884,7679
4884,7680
4884,7650
4903,7403
4904,7403
4905,7403
4906,7396
4907,7389
4907,7400
4908,7390
4908,7400
4909,7392
4909,7400
4910,7393
4910,7401
4911,7394
4911,7401
4912,7395
4912,7401
4913,7397
4913,7402
4914,7398
4914,7402
4915,7399
4915,7402
4916,7435
4919,7428
4920,7428
4921,7428
4922,7423
4923,7424
4924,7425
4925,7425
4926,7427
4927,9048
4927,7427
4927,8493
4927,8494
4928,7427
4930,8090
4931,8091
4932,8092
4933,8093
4933,8095
4934,8094
4935,9768
4935,8095
4936,8095
4937,8095
4940,7482
4965,12137
5014,8188
5015,8188
5015,8273
5015,8274
5021,8599
5035,9125
5048,8155
5049,10733
5049,8156
5050,8157
5051,10729
5051,8159
5052,8160
5053,8161
5054,8162
5055,8163
5056,8164
5057,8167
5058,8168
5059,8169
5060,8197
5061,8198
5062,8201
5062,8200
5063,8202
5068,8204
5069,8206
5069,8207
5070,8208
5071,8210
5072,8211
5073,8213
5074,8212
5075,12743
5075,12735
5075,12733
5075,12732
5078,8248
5079,8249
5080,8251
5081,8253
5082,8259
5083,8260
5083,8262
5083,8269
5084,8261
5086,8263
5086,8268
5086,8270
5087,8264
5088,8265
5088,8266
5088,8267
5088,8271
5089,8241
5090,8243
5091,8244
5092,8245
5093,8274
5094,8276
5122,8314
5122,8315
5122,8316
5122,8317
5123,8314
5123,8315
5123,8316
5123,8317
5124,8320
5125,8321
5126,8323
5127,8324
5127,8326
5127,8530
5128,8325
5129,8327
5130,12332
5130,8329
5131,8331
5134,4598
5134,8368
5137,8522
5148,12742
5148,9794
5148,9695
5157,9695
5159,8369
5160,8370
5161,8371
5162,8372
5163,8374
5164,8375
5165,8376
5166,8377
5167,8382
5168,8383
5169,8385
5170,8386
5171,8386
5172,8386
5173,8386
5174,8387
5175,8388
5176,8388
5177,8389
5178,8389
5179,8390
5180,8390
5185,8393
5185,8394
5185,8395
5186,8397
5187,9772
5187,8399
5188,8402
5192,8420
5192,8421
5192,8422
5198,8414
5203,8462
5204,8440
5205,8441
5206,8442
5207,8453
5208,8846
5208,8454
5209,8455
5210,8456
5211,9806
5211,8457
5212,9806
5212,9657
5212,8458
5213,8459
5218,8514
5219,8519
5220,12401
5220,8520
5220,8515
5221,8984
5221,8526
5221,8527
5222,8529
5223,8530
5224,8530
5225,8530
5226,8532
5227,8532
5228,8532
5229,8533
5230,8535
5231,9908
5231,8535
5232,8535
5233,8535
5234,8535
5235,8536
5236,8537
5237,8537
5238,8537
5239,8538
5240,8538
5244,8540
5245,8540
5246,8540
5246,8548
5247,8541
5248,8542
5249,8544
5250,8544
5251,8544
5252,8545
5253,8545
5254,8545
5255,8545
5256,8546
5257,8546
5258,8546
5259,8546
5260,8547
5261,8547
5262,8548
5263,8548
5264,8549
5265,8549
5266,8550
5267,9954
5267,8550
5268,8552
5269,8552
5270,8552
5271,8553
5272,8560
5283,1336
5283,2473
5284,8579
5285,8580
5286,8580
5287,8581
5288,8581
5289,8582
5290,8582
5291,8583
5292,9425
5292,8583
5293,12248
5293,9422
5293,8584
5294,9864
5294,8585
5295,8585
5296,8586
5296,8683
5297,8586
5298,8588
5299,8589
5300,8589
5301,8589
5302,8589
5303,8590
5304,8590
5305,8590
5306,8590
5307,8590
5308,8591
5309,8591
5310,8591
5312,8597
5313,8597
5314,8597
5315,8598
5316,8599
5317,8599
5318,9437
5318,8599
5319,8599
5320,8599
5321,8600
5322,8600
5323,8600
5324,8600
5325,8600
5326,8600
5327,8600
5328,8600
5329,8600
5330,8600
5331,8600
5332,8601
5333,8601
5338,8603
5339,8604
5340,8604
5341,8604
5342,8604
5343,8604
5344,8607
5345,8608
5346,8608
5347,8608
5349,8610
5350,8610
5351,8610
5352,8610
5353,8612
5354,8613
5355,9021
5355,8613
5356,8613
5357,8613
5358,9024
5358,8613
5359,9034
5359,9032
5359,9024
5359,9021
5359,8613
5360,8614
5361,8614
5362,8614
5363,8615
5367,8626
5369,8618
5370,8618
5371,8618
5372,8619
5373,8620
5374,8621
5375,8621
5376,8621
5377,8622
5377,8623
5378,8623
5378,8622
5379,8622
5383,8625
5384,8625
5385,8625
5386,8625
5387,8625
5388,8625
5389,8625
5390,8625
5391,11230
5391,9437
5391,9433
5391,8625
5392,8625
5393,8625
5394,8625
5395,8625
5396,8625
5397,8625
5398,8625
5399,8625
5400,8626
5401,8627
5402,8627
5405,8629
5406,8629
5407,9437
5407,9430
5407,8630
5408,9577
5408,9529
5408,9128
5408,8630
5409,8631
5410,8632
5411,8632
5412,8633
5413,8633
5414,8633
5415,8633
5416,8634
5417,8635
5424,8650
5425,8650
5426,8650
5427,8652
5427,8657
5427,8655
5428,8652
5429,8652
5430,8652
5431,8652
5432,8654
5433,8656
5435,8658
5436,12208
5436,8659
5437,8660
5438,8661
5439,8662
5440,8663
5441,8664
5442,8665
5443,8666
5444,8667
5445,8667
5446,8667
5447,8667
5448,8667
5449,8667
5450,8668
5451,8652
5451,8669
5452,8670
5453,8671
5455,8677
5456,8680
5457,8681
5459,8686
5460,8687
5461,8686
5462,8688
5463,8690
5464,8693
5465,8694
5466,8695
5467,8696
5468,8697
5469,8698
5470,8698
5471,8699
5472,8700
5473,8702
5474,8703
5475,8704
5476,8705
5477,8679
5490,12847
5504,12836
5505,12778
5509,9131
5509,8604
5510,8604
5511,4899
5512,4899
5513,12920
5513,10047
5513,8762
5514,8763
5515,8764
5516,8765
5517,8767
5518,8768
5519,8769
5520,10043
5520,8771
5521,8773
5522,8776
5523,8777
5524,8778
5525,8780
5526,8787
5527,8789
5528,8792
5529,8794
5530,8795
5531,8799
5532,8801
5533,8804
5534,8805
5535,8806
5536,8808
5537,8809
5538,8810
5539,8811
5540,8812
5541,8813
5545,8817
5549,8828
5549,8827
5550,9502
5550,9498
5550,8885
5551,8910
5551,8888
5552,8889
5553,11099
5553,9511
5553,8886
5554,8887
5555,8994
5555,8991
5555,8992
5555,8919
5556,8893
5557,8892
5558,8891
5559,8894
5560,8895
5561,8896
5562,8897
5563,8995
5563,8913
5564,8898
5565,8899
5566,8900
5567,8900
5568,8901
5569,8911
5569,8908
5570,8909
5571,8902
5572,8903
5573,8969
5573,8906
5573,8905
5574,8928
5575,8907
5576,8997
5576,8915
5578,8916
5580,8922
5581,8924
5583,8925
5584,8929
5589,8968
5590,8970
5591,8971
5592,8972
5593,8973
5594,8993
5595,8974
5596,8975
5597,8987
5597,8976
5598,8977
5599,8978
5600,8980
5601,8981
5602,8982
5603,8983
5604,8957
5605,8958
5606,8959
5607,8960
5608,8961
5609,8962
5610,8989
5611,8990
5612,8918
5613,8963
5614,8964
5615,8965
5616,8966
5617,8967
5618,8985
5619,8986
5620,8988
5621,10248
5621,10218
5621,8875
5621,8859
5622,8860
5624,8861
5625,8874
5625,8863
5626,8865
5626,8872
5627,8869
5627,8870
5628,8867
5629,8930
5630,8931
5631,8942
5631,8932
5632,8935
5632,8933
5633,8934
5634,8937
5635,8938
5636,8939
5637,8940
5640,12856
5640,12854
5641,9048
5642,9053
5642,9048
5643,9048
5644,9048
5645,9051
5646,9020
5647,9020
5648,11144
5648,8837
5650,8883
5653,9097
5653,9091
5656,9096
5659,9022
5660,9023
5661,9025
5662,9026
5663,9026
5665,9038
5665,9027
5666,9028
5667,9029
5668,9030
5670,9031
5671,9032
5672,9033
5673,9033
5674,9034
5675,9035
5677,9036
5678,9037
5685,8842
5687,8852
5688,9082
5690,9087
5699,9092
5700,8834
5701,8836
5702,8838
5703,8839
5704,8840
5705,8844
5706,8845
5707,8854
5708,8855
5709,9085
5710,9089
5711,9090
5712,9094
5713,12270
5713,9348
5713,9098
5714,9099
5715,9102
5716,9103
5717,9104
5718,9105
5719,9106
5720,9108
5721,9109
5723,9111
5724,9112
5726,9114
5727,9115
5728,9116
5729,9117
5730,9122
5731,9122
5732,9122
5733,9122
5734,9122
5735,9130
5735,9122
5736,9131
5736,9122
5737,9122
5738,9122
5739,9123
5740,9124
5741,9130
5742,9125
5743,9129
5744,9274
5745,9280
5746,9281
5747,9282
5748,9283
5749,9290
5749,9288
5749,9284
5750,9289
5750,9288
5750,9285
5751,9288
5751,9286
5752,9291
5752,9288
5752,9287
5753,9302
5753,9298
5753,9288
5754,9298
5754,9297
5754,9292
5755,9293
5756,9298
5756,9294
5757,9298
5757,9295
5758,9299
5759,9301
5760,9303
5771,11667
5783,12829
5799,9315
5800,9316
5801,9317
5802,9318
5803,9319
5804,9320
5805,9321
5806,9322
5807,9323
5808,9324
5809,9325
5812,9328
5814,9332
5815,9333
5818,11871
5818,9126
5818,9334
5819,9335
5840,12492
5859,9126
5860,9126
5861,9126
5862,9126
5863,9126
5864,9339
5865,9423
5865,9421
5866,9427
5867,11231
5867,9437
5867,9429
5868,9437
5868,9431
5869,9437
5869,9435
5870,9935
5870,9437
5870,9436
5871,9583
5871,9579
5872,9580
5873,9581
5874,9583
5891,12706
5891,9365
5897,9883
5898,9534
5899,12822
5900,9537
5901,9538
5902,9540
5903,9553
5904,9541
5905,9533
5906,9542
5907,9544
5908,9549
5909,9551
5910,9554
5911,9347
5912,9350
5913,9353
5914,9354
5915,9355
5916,9359
5917,9360
5918,9361
5919,9362
5920,9363
5921,9367
5922,9971
5922,9833
5922,9368
5923,9370
5924,9356
5925,9371
5926,9373
5927,9376
5928,9377
5929,9379
5930,9383
5931,9385
5932,9386
5933,9387
5934,9388
5935,9390
5936,9391
5937,9392
5938,9393
5939,9394
5940,9398
5941,9574
5941,9402
5942,9403
5943,9404
5944,9406
5945,9409
5946,9830
5946,9897
5946,9410
5947,9920
5947,9411
5948,9412
5949,12696
5949,9414
5950,9415
5951,3926
5951,5620
5951,6258
5951,9416
5952,9417
5953,9419
5954,9438
5955,9439
5956,9440
5957,9445
5958,9446
5959,9447
5960,9448
5961,9449
5962,9452
5963,9453
5964,9454
5965,9455
5966,9875
5966,9456
5967,9457
5968,9939
5968,9458
5969,9461
5970,9543
5970,9462
5971,9463
5972,13090
5972,9464
5973,9467
5974,9471
5975,9472
5976,13038
5976,9476
5977,9479
5978,12707
5978,9481
5979,13127
5979,9483
5980,9484
5981,9526
5981,9485
5982,9487
5983,9518
5984,9518
5985,9519
5986,9522
5987,9530
5988,9532
5989,9546
5990,9550
5991,9552
5992,9556
5993,9557
5994,9558
5995,9559
5996,13167
5996,9739
5996,9560
5997,9561
5998,9562
5999,9563
6000,9565
6001,9567
6002,9568
6003,9569
6004,9570
6005,9829
6005,9571
6006,9572
6007,9573
6008,9575
6009,9576
6010,9578
6013,9586
6014,9586
6015,9588
6016,9591
6017,12089
6017,9593
6018,9594
6019,9594
6020,9605
6021,9606
6022,9607
6023,9540
6024,9540
6025,11142
6025,9754
6025,9608
6055,9508
6056,9507
6057,9489
6057,9510
6058,9648
6058,9647
6059,9648
6061,9503
6061,9490
6062,9492
6063,9496
6064,9496
6065,9496
6066,9495
6067,9512
6068,9497
6069,9501
6071,9506
6073,12445
6073,9682
6073,9663
6074,9663
6075,9664
6076,9669
6076,9665
6077,9667
6078,9668
6079,9683
6080,9672
6081,9675
6082,9676
6083,9677
6084,9678
6085,9679
6086,9680
6087,9681
6089,9801
6089,9701
6090,9701
6091,10036
6091,10031
6091,10034
6091,10035
6091,10032
6091,10033
6091,9811
6091,9817
6091,9816
6091,9815
6091,9814
6091,9813
6091,9807
6091,9812
6091,9810
6091,9656
6091,9809
6091,9806
6091,9797
6091,9803
6091,9802
6091,9796
6091,9795
6091,9798
6091,9794
6091,9801
6091,9800
6091,9799
6091,9808
6091,9695
6091,9694
6091,9693
6091,9692
6091,9691
6091,9690
6091,9689
6091,9688
6091,9687
6091,9686
6091,9685
6091,9684
6091,9662
6091,9661
6091,9660
6091,9659
6091,9658
6091,9657
6091,9655
6091,9654
6091,9652
6091,9666
6091,9651
6091,9650
6091,9696
6091,9697
6091,9698
6091,9699
6091,9700
6091,9701
6092,9700
6093,9699
6094,9699
6095,9698
6096,12369
6096,9698
6097,9697
6098,9697
6099,9696
6100,9696
6101,9696
6102,11274
6102,9703
6109,12340
6109,9705
6110,9706
6111,9707
6112,9769
6113,9770
6114,9771
6115,9772
6116,9773
6117,9773
6118,9773
6119,9774
6120,9775
6121,9780
6121,9777
6122,9778
6123,9780
6123,9779
6124,9780
6125,9785
6125,9781
6126,9782
6127,9783
6128,9783
6129,9784
6130,9785
6131,9785
6132,9785
6134,9708
6135,9709
6136,9710
6137,12349
6137,9711
6138,9712
6139,9691
6139,9713
6140,9715
6141,9716
6142,9717
6143,9719
6144,9720
6145,9721
6146,9651
6147,9652
6148,9652
6149,9654
6150,9655
6151,9655
6152,9655
6153,9658
6154,9658
6155,10578
6155,9659
6156,9660
6157,9660
6158,9661
6159,9661
6160,9662
6161,9662
6162,9684
6163,9684
6164,9684
6165,10050
6165,9685
6166,9685
6167,9686
6168,9687
6169,9688
6170,9689
6171,9690
6172,9690
6173,9691
6174,9691
6175,9692
6176,9693
6177,9693
6178,9694
6179,9695
6180,9695
6181,9799
6182,9801
6183,9801
6184,9794
6185,9794
6186,9798
6187,9798
6188,9798
6189,9795
6190,9795
6191,9796
6192,9802
6193,9803
6194,9803
6195,9803
6196,9797
6197,9797
6198,13007
6198,13002
6198,13000
6198,12925
6198,12911
6198,12354
6198,10044
6198,9806
6199,9809
6200,9656
6201,9656
6202,9656
6203,9810
6204,9810
6205,9807
6206,9807
6207,9813
6208,9813
6209,4521
6209,4520
6209,4519
6209,4518
6209,9814
6210,9814
6211,9815
6212,9815
6213,12445
6213,10102
6213,9816
6214,9816
6215,9817
6216,9817
6218,9841
6219,9836
6221,9838
6222,9839
6223,9840
6224,9831
6225,9842
6226,9843
6227,9844
6228,9845
6229,9847
6230,9866
6231,9867
6232,9869
6233,9870
6234,10108
6234,9974
6236,9873
6237,9874
6239,9881
6240,9882
6242,9884
6243,9885
6244,9887
6245,9888
6247,9890
6248,9862
6248,9891
6249,9892
6250,9893
6251,9894
6253,9901
6253,9896
6254,9899
6255,11257
6255,9902
6256,9904
6256,9903
6257,9907
6258,9909
6259,9911
6260,9913
6261,9914
6262,9916
6263,9917
6264,9948
6264,9919
6265,11284
6265,9922
6268,12290
6268,9941
6268,9926
6270,9928
6271,9988
6271,9850
6272,9852
6273,9856
6275,9860
6276,9861
6277,9863
6278,9931
6279,9932
6280,9933
6281,9934
6282,9832
6283,9936
6285,9943
6286,9944
6287,9945
6288,9947
6289,9949
6290,9950
6292,9952
6293,9953
6294,9959
6295,9963
6296,9962
6297,9961
6298,9964
6299,9966
6300,9968
6301,9969
6302,9972
6303,9742
6304,9755
6306,9960
6307,9987
6308,9990
6309,9811
6310,9811
6311,9978
6312,10033
6313,10032
6314,10032
6315,10032
6316,10035
6317,10034
6318,10034
6319,10034
6320,10031
6321,10036
6322,9998
6323,9998
6324,9999
6325,10007
6326,10001
6326,10000
6326,10018
6327,11954
6327,10030
6327,10000
6329,11984
6329,10003
6329,10029
6329,10015
6330,10005
6331,10015
6331,10006
6332,10008
6333,10015
6333,10009
6334,11976
6334,11956
6334,9977
6334,10010
6335,10015
6335,10011
6336,10012
6337,11976
6337,11971
6337,10013
6338,10015
6338,10014
6339,10983
6339,10016
6340,10983
6340,10019
6340,10016
6341,10017
6342,11976
6342,11968
6342,10029
6342,10028
6342,10018
6343,10020
6344,10022
6345,11957
6345,10023
6346,10029
6346,10026
6347,10029
6347,10024
6348,11984
6348,11981
6348,10027
6349,10029
6349,10021
6350,9342
6351,9342
6352,9724
6353,9727
6354,9725
6355,9729
6356,9731
6357,9732
6358,9733
6359,10096
6360,10097
6361,10098
6362,10099
6363,10100
6364,10101
6365,10103
6368,9811
6369,11976
6370,9957
6380,10046
6385,10048
6386,13238
6386,10049
6389,9924
6405,10109
6406,10110
6407,10113
6408,10116
6409,10117
6410,10118
6411,11086
6411,10409
6412,10200
6412,10482
6412,10481
6412,10480
6412,10479
6412,10478
6412,10477
6412,10476
6412,10475
6412,10474
6412,10473
6412,10472
6412,10471
6412,10470
6412,10469
6412,10468
6412,10467
6412,10466
6412,10465
6412,10464
6412,10463
6412,10462
6412,10461
6412,10460
6412,10459
6412,10458
6412,10457
6412,10456
6412,10455
6412,10454
6412,10453
6412,10452
6412,10451
6412,10450
6412,10449
6412,10448
6412,10447
6416,10586
6416,10577
6416,10575
6417,10577
6418,9786
6419,9761
6420,9760
6426,12921
6426,10578
6427,10580
6427,10579
6428,10581
6429,10582
6430,10585
6448,10783
6449,10783
6450,10784
6451,10788
6452,10789
6453,10792
6454,10794
6456,10796
6457,10801
6461,10851
6462,9880
6463,10216
6464,10251
6464,10216
6465,10215
6466,10730
6467,10731
6468,10732
6469,10734
6470,10735
6471,10737
6472,10738
6473,10739
6474,10740
6475,10741
6476,10742
6477,10743
6478,10223
6479,10224
6480,10238
6480,10229
6481,10230
6482,10252
6483,10233
6484,10236
6485,10239
6486,10241
6487,10243
6488,10244
6489,10246
6490,10219
6491,10228
6492,10231
6493,10234
6494,10235
6495,10237
6496,10242
6497,10414
6498,13046
6498,10182
6499,10413
6500,10415
6501,10416
6502,10417
6503,13103
6503,13018
6503,10418
6504,10419
6505,10420
6506,10421
6507,10422
6508,13089
6508,10423
6509,10424
6510,10425
6511,10426
6512,10427
6513,10428
6514,10430
6515,10431
6516,10432
6517,10433
6518,13065
6518,10434
6519,10435
6520,10436
6521,10437
6522,10438
6523,10439
6524,10440
6525,10441
6526,10442
6527,10443
6530,9951
6531,10862
6532,9788
6533,10902
6533,10901
6533,10900
6533,10899
6533,10898
6533,10896
6533,10895
6533,10894
6533,10893
6533,10892
6533,10891
6533,10890
6533,10889
6533,10888
6533,10887
6533,10886
6533,10885
6533,10884
6533,10883
6533,10882
6533,10881
6533,10880
6533,10879
6533,10878
6533,10877
6533,10876
6533,10875
6533,10859
6536,10962
6536,10973
6536,10972
6536,10971
6536,10970
6536,10959
6536,10969
6536,10968
6536,10966
6536,10965
6536,10964
6536,10963
6536,10958
6536,10870
6537,11004
6537,11003
6537,11002
6537,11001
6537,11000
6537,10999
6537,10998
6537,10997
6537,10996
6537,10995
6537,10994
6537,10993
6537,10992
6537,10991
6537,10990
6537,10989
6537,10988
6537,10987
6537,10986
6537,10985
6537,10979
6537,10980
6537,10981
6537,10982
6537,10984
6537,10978
6537,10977
6537,10976
6537,10975
6537,10974
6537,10871
6538,10872
6538,10874
6538,11005
6538,11006
6538,11007
6538,11008
6538,11009
6538,11010
6538,11011
6538,11012
6538,11013
6538,11014
6538,11015
6538,11016
6538,11017
6538,11018
6538,11019
6538,11020
6538,11021
6538,11022
6538,11023
6538,11024
6538,11044
6538,11045
6538,11046
6538,11047
6538,11048
6538,11049
6538,11050
6538,11051
6538,11052
6538,11053
6538,11054
6538,11055
6538,11056
6538,11057
6538,11058
6538,11059
6538,11060
6538,11061
6540,2418
6578,11063
6587,12635
6587,12629
6587,12623
6587,12621
6587,12619
6588,11110
6621,11301
6621,11306
6621,11305
6621,11299
6622,11299
6623,11310
6623,11296
6624,11311
6624,11297
6625,11300
6626,11300
6627,11300
6628,11312
6629,11301
6629,11302
6630,11301
6630,11303
6631,11301
6631,11304
6632,11301
6632,11307
6633,11301
6633,11308
6634,11301
6634,11309
6635,11313
6636,11314
6637,11301
6644,11141
6645,11143
6646,11145
6648,11147
6650,11156
6651,11157
6652,11158
6653,11159
6655,11161
6656,11162
6657,11163
6658,11164
6659,11166
6660,11167
6661,11169
6662,11172
6663,11170
6664,11173
6665,11181
6666,11182
6669,11185
6670,11186
6671,11187
6672,11188
6673,11189
6674,11191
6675,11192
6676,11193
6677,11194
6678,11196
6679,11198
6680,11205
6681,11206
6682,11207
6684,11209
6685,11210
6686,11211
6687,11213
6688,11214
6689,11215
6690,11337
6691,11335
6692,11221
6693,11222
6694,11223
6695,11224
6696,11226
6697,11227
6698,11232
6699,12633
6699,12626
6699,11234
6700,11235
6701,11237
6703,11239
6704,11243
6705,11244
6706,11247
6712,11249
6713,11250
6714,11252
6715,11253
6716,11253
6717,11253
6718,11253
6719,11253
6721,11255
6722,11261
6723,11262
6724,11264
6725,11266
6726,11268
6727,11269
6728,11280
6729,10967
6730,11339
6731,11344
6732,11346
6733,11347
6734,11348
6735,11349
6736,11350
6737,11351
6738,11352
6739,11353
6740,13053
6741,11356
6742,11357
6743,11358
6744,11359
6745,11377
6745,11376
6745,11371
6745,11370
6745,11369
6745,11368
6745,11365
6745,11364
6745,11363
6745,11362
6746,11385
6746,11384
6746,11383
6746,11382
6746,11381
6746,11380
6746,11379
6746,11378
6746,11375
6746,11374
6746,11373
6746,11372
6746,11367
6746,11366
6751,11408
6753,11409
6754,11410
6755,11411
6756,11412
6757,11413
6758,11431
6758,11430
6758,11429
6758,11428
6758,11427
6758,11426
6758,11425
6758,11424
6758,11423
6758,11422
6758,11421
6758,11420
6758,11419
6758,11418
6758,11417
6758,11415
6772,11469
6773,11470
6775,11208
6776,10001
6800,11553
6801,11565
6819,8927
6820,11654
6821,11657
6823,11660
6824,11666
6825,11668
6826,11698
6827,11699
6828,11720
6829,11722
6830,11723
6831,11725
6832,11726
6834,11728
6835,11729
6862,11873
6863,11874
6898,12027
6915,12027
6917,12823
7008,11566
7037,11807
7038,11807
7039,11807
7067,11732
7068,11804
7068,11803
7069,11801
7069,11734
7070,11735
7072,11738
7077,11802
7078,11806
7088,11824
7092,11818
7093,11818
7094,11818
7095,11818
7096,11818
7097,11818
7098,11818
7099,11818
7103,12377
7103,12355
7104,11825
7105,11826
7106,11759
7107,11762
7108,11763
7110,11764
7111,11764
7115,12027
7116,12027
7117,12029
7118,12029
7119,12029
7120,12028
7121,12028
7123,11767
7125,11768
7126,11768
7127,11769
7128,11769
7129,11769
7130,11770
7131,11772
7131,11771
7132,11771
7133,11771
7134,11771
7135,11772
7138,11870
7139,11872
7140,11875
7141,11877
7142,11878
7143,11880
7144,11881
7145,11882
7146,11883
7147,11884
7203,11940
7204,11941
7219,11997
7220,11999
7221,12000
7222,12004
7223,12005
7240,11925
7244,11925
7245,11925
7246,11925
7247,11926
7248,11926
7249,11926
7250,11926
7310,10897
7311,12063
7312,8391
7312,8390
7312,8388
7312,8392
7314,8391
7315,12079
7315,12078
7315,12077
7315,12076
7315,12075
7315,12074
7315,12073
7315,12072
7315,12071
7315,12070
7315,12069
7316,12080
7316,12088
7316,12087
7316,12086
7316,12085
7316,12084
7316,12083
7316,12082
7316,12081
7317,12087
7317,12086
7317,12085
7317,12084
7317,12083
7317,12082
7317,12080
7317,12088
7317,12081
7318,12088
7318,12087
7318,12086
7318,12085
7318,12084
7318,12083
7318,12082
7318,12080
7318,12081
7319,12127
7319,12130
7319,12129
7319,12128
7319,12124
7319,12123
7319,12122
7319,12107
7319,12064
7319,12065
7319,12126
7319,12121
7319,12120
7319,12119
7319,12115
7319,12117
7319,12118
7319,12112
7319,12113
7319,12114
7319,12111
7319,12110
7319,12109
7319,12108
7319,12106
7319,12105
7319,12104
7320,12090
7321,12091
7322,12092
7323,12093
7324,12094
7325,12096
7326,12097
7327,12098
7328,12099
7329,12100
7330,12101
7331,12102
7332,12103
7351,12136
7352,12136
7353,12136
7354,12137
7355,12137
7356,12137
7357,12137
7358,12137
7359,12137
7360,12137
7361,12137
7362,12137
7363,12137
7364,12137
7365,12137
7366,12137
7367,12137
7368,12137
7369,12137
7370,12137
7371,12137
7372,12137
7373,12137
7377,12139
7378,12139
7379,12140
7380,12140
7381,12140
7382,12140
7395,12148
7396,12149
7397,12150
7398,12380
7398,12383
7398,12387
7398,12388
7398,12386
7398,12385
7398,12384
7398,12382
7398,12381
7398,12379
7398,12378
7398,12154
7398,12198
7398,12201
7398,12169
7398,12174
7398,12175
7398,12173
7398,12172
7398,12171
7398,12170
7398,12176
7398,12177
7398,12178
7398,12179
7398,12180
7398,12181
7398,12182
7398,12183
7398,12184
7398,12185
7398,12186
7398,12187
7398,12188
7398,12189
7398,12190
7398,12191
7398,12192
7398,12193
7398,12194
7398,12195
7398,12196
7398,12197
7398,12199
7398,12200
7399,11658
7404,12209
7405,12210
7424,12248
7424,12247
7425,12251
7428,11984
7428,11983
7440,11958
7441,11969
7442,11970
7443,11984
7443,11972
7444,11973
7445,11974
7447,11975
7448,11976
7449,11977
7449,11976
7450,11978
7451,11979
7452,11984
7452,11980
7453,11982
7454,11984
7455,12277
7457,12272
7458,12272
7459,12273
7460,12274
7461,12275
7462,12276
7467,12295
7468,12296
7469,12299
7470,12300
7471,12303
7472,12304
7477,12339
7479,12342
7480,12343
7483,12347
7484,12350
7485,12351
7486,12358
7487,12364
7488,12364
7488,12360
7489,12364
7489,12362
7490,12365
7491,12368
7492,12370
7493,12371
7494,12372
7495,12373
7496,12374
7498,12375
7499,12375
7500,12375
7502,12305
7503,12313
7503,12305
7504,12306
7505,12307
7506,12308
7507,12309
7508,12310
7509,12310
7510,12311
7511,12311
7516,12318
7519,12321
7523,12325
7528,12331
7529,12412
7530,12414
7530,12413
7531,12423
7531,12417
7531,12415
7532,12418
7533,12419
7534,12420
7535,12421
7536,12424
7538,9889
7539,12398
7540,12398
7541,12399
7542,12431
7543,12433
7544,10583
7545,12434
7546,12436
7547,12437
7548,12438
7549,12439
7550,12440
7551,12441
7552,12442
7553,12442
7554,12443
7555,12305
7556,12445
7557,12445
7559,12447
7559,12476
7560,12467
7568,12465
7569,12466
7570,12447
7570,12475
7570,12473
7570,12472
7570,12471
7570,12470
7570,12469
7571,12474
7572,12478
7573,12480
7574,12481
7575,12483
7576,12485
7577,12486
7578,12488
7579,12493
7580,12493
7581,12493
7582,12493
7618,12602
7619,12616
7620,12617
7621,12622
7622,12625
7622,12621
7623,12630
7623,12627
7623,12623
7624,12624
7625,12634
7626,12690
7627,12691
7628,12693
7630,12694
7631,12697
7632,12698
7633,12699
7634,12701
7635,12703
7636,12704
7637,12705
7639,12708
7640,12709
7641,12711
7642,12712
7643,12713
7645,4405
7646,12717
7647,12718
7648,12720
7649,12721
7650,12722
7651,12723
7652,12724
7653,12725
7654,12726
7655,12727
7656,12728
7657,12729
7658,12743
7658,12957
7658,12729
7659,12730
7660,12731
7661,12733
7662,12733
7663,12733
7664,12734
7666,12737
7667,12960
7667,12743
7667,12738
7668,12739
7669,12740
7670,12741
7671,12742
7672,12744
7673,12746
7674,12747
7675,12748
7676,12749
7677,12750
7678,12751
7679,12753
7680,12754
7681,12756
7682,12757
7683,12758
7685,12752
7686,12759
7687,12762
7688,12764
7689,12765
7690,12767
7691,12769
7692,12770
7693,12771
7694,12772
7695,12773
7696,12774
7697,12775
7698,12776
7699,12780
7701,12779
7708,12956
7709,12958
7710,12959
7711,12817
7712,12818
7713,12821
7714,12825
7715,12826
7716,12827
7717,12828
7718,12830
7719,12832
7720,12833
7721,12834
7722,12835
7723,12835
7724,12837
7725,12839
7726,12840
7727,12841
7728,12842
7729,12843
7730,12846
7731,12846
7734,12851
7735,12853
7736,12861
7737,12864
7737,12863
7738,12869
7738,12966
7738,12868
7739,12870
7740,12873
7740,12867
7748,12884
7749,12885
7750,12887
7751,12893
7751,12888
7752,12893
7752,12890
7753,12893
7753,12891
7754,12893
7754,12892
7755,12899
7755,12894
7756,12899
7756,12895
7757,12899
7757,12896
7758,12899
7758,12897
7759,12899
7759,12898
7760,12906
7760,12900
7761,12906
7761,12905
7761,12901
7762,12906
7762,12902
7763,12906
7763,12903
7764,12906
7764,12904
7765,12907
7766,13007
7766,13004
7766,13001
7766,12910
7767,12915
7768,12917
7769,12918
7770,12922
7771,12923
7772,12735
7773,12963
7774,12743
7775,12743
7776,12743
7777,12743
7778,12933
7779,12934
7780,12935
7781,12940
7781,12936
7782,12940
7782,12937
7783,12940
7783,12939
7784,12940
7785,12941
7786,12942
7787,12947
7787,12945
7787,12943
7788,12947
7788,12944
7789,12947
7789,12946
7790,12955
7790,12954
7790,12947
7791,12948
7792,12949
7793,12950
7794,12951
7795,12952
7796,12953
7800,12984
7810,13002
7811,13003
7812,13007
7812,13005
7812,13004
7813,13006
7813,13005
7814,13006
7815,13006
7816,13006
7818,13103
7818,13008
7819,13009
7820,13011
7821,13013
7822,13014
7823,13015
7824,13017
7825,13019
7826,13022
7827,13023
7828,13024
7829,13025
7830,13027
7831,13028
7832,13029
7833,13030
7834,13032
7835,13033
7836,13034
7837,13035
7838,13037
7839,13039
7840,13040
7841,13042
7842,13043
7843,13044
7844,13045
7845,13047
7846,13048
7848,13050
7849,13052
7850,13054
7852,13057
7853,13058
7854,13060
7855,13061
7856,13062
7857,13064
7858,13068
7858,13064
7859,13066
7860,13067
7861,13069
7863,13071
7864,13074
7865,13075
7866,13076
7867,13078
7868,13079
7869,13080
7870,13082
7871,13083
7872,13084
7873,13086
7874,13089
7874,13087
7875,13088
7876,13091
7877,13085
7877,13092
7878,13093
7879,13095
7880,13096
7881,13103
7882,13098
7883,13100
7884,13101
7885,13102
7886,13105
7887,13106
7888,13104
7889,13056
7890,13012
7891,13012
7892,13012
7893,13012
7894,13012
7895,13012
7896,13012
7897,13012
7898,13012
7899,13012
7900,13012
7901,13012
7902,13012
7903,13016
7904,13016
7905,13016
7906,13036
7906,13016
7907,13016
7908,13016
7909,13016
7910,13016
7911,13016
7912,13031
7912,13016
7913,13016
7914,13016
7915,13016
7916,13016
7917,13016
7918,13089
7918,13016
7919,13016
7925,13016
7926,13016
7927,13021
7928,13021
7929,13021
7930,13021
7931,13021
7932,13021
7933,13021
7934,13021
7935,13021
7936,13031
7936,13021
7937,13021
7938,13026
7939,13026
7940,13026
7941,13026
7942,13026
7943,13059
7943,13026
7944,13026
7945,13026
7946,13026
7947,13026
7948,13026
7949,13026
7950,13026
7951,13031
7952,13031
7953,13031
7954,13089
7954,13031
7955,13031
7956,13031
7957,13031
7958,13031
7959,13031
7960,13031
7961,13036
7962,13036
7963,13036
7964,13036
7965,13036
7966,13036
7967,13036
7968,13036
7969,13036
7970,13036
7971,13036
7972,13113
7973,13114
7974,13115
7975,13120
7976,13121
7981,13122
7985,13124
7992,13125
7999,13046
8002,13046
8005,13103
8006,13046
8011,13046
8012,13046
8014,13046
8016,13046
8017,13103
8018,13046
8019,13103
8020,13046
8021,13103
8022,13103
8023,13046
8024,13103
8025,13046
8026,13046
8027,13099
8027,13103
8028,13103
8029,13103
8030,13103
8031,13103
8032,13103
8033,13051
8034,13103
8035,13103
8036,13063
8036,13051
8037,13051
8038,13103
8039,13051
8040,13099
8041,13099
8042,13051
8043,13051
8044,13051
8045,13051
8046,13051
8047,13051
8048,13051
8049,13051
8050,13051
8062,13099
8069,13059
8070,13059
8071,13059
8072,13059
8073,13059
8074,13059
8075,13059
8076,13059
8077,13059
8078,13059
8079,13099
8080,13059
8081,13068
8081,13099
8082,13099
8083,13099
8084,13099
8085,13099
8086,13059
8087,13099
8088,13059
8089,13099
8090,13099
8091,13094
8092,13094
8093,13094
8094,13094
8095,13094
8096,13059
8097,13094
8098,13094
8099,13094
8100,13059
8101,13094
8102,13094
8103,13094
8104,13059
8105,13059
8106,13081
8106,13089
8107,13089
8108,13089
8109,13089
8110,13089
8111,13089
8112,13089
8113,13089
8114,13063
8115,13089
8116,13063
8117,13089
8118,13063
8119,13089
8120,13063
8121,13089
8122,13063
8123,13089
8124,13063
8125,13063
8126,13085
8127,13063
8128,13085
8129,13085
8130,13063
8131,13085
8132,13085
8133,13085
8134,13085
8135,13063
8136,13085
8137,13085
8138,13063
8139,13085
8140,13063
8141,13085
8142,13081
8142,13085
8143,13085
8144,13085
8145,13085
8146,13063
8147,13085
8148,13063
8149,13085
8150,13085
8151,13085
8152,13063
8153,13081
8154,13081
8155,13081
8156,13063
8157,13081
8158,13081
8159,13063
8160,13081
8161,13063
8162,13081
8163,13081
8164,13081
8165,13081
8166,13081
8167,13081
8168,13081
8169,13081
8170,13068
8171,13081
8172,13068
8173,13081
8174,13081
8175,13068
8176,13081
8177,13081
8178,13068
8179,13081
8180,13068
8181,13068
8182,13068
8183,13068
8184,13077
8185,13068
8186,13068
8187,13068
8188,13068
8189,13077
8190,13073
8191,13073
8192,13077
8193,13077
8193,13073
8194,13073
8195,13073
8196,13077
8197,13077
8198,13077
8199,13073
8200,13077
8201,13073
8202,13077
8203,13073
8204,13077
8205,13073
8206,13077
8207,13073
8208,13077
8210,13077
8211,13073
8212,13077
8213,13073
8214,13077
8215,13077
8216,13077
8217,13126
8218,13128
8219,13129
8220,13135
8221,13136
8230,13166
8231,13168
8232,13171
8233,13172
8234,13174
8275,13232
8276,13233
8277,13234
8278,13251
8278,13235
8279,13236
8280,13237
8281,13239
8282,13251
8282,13245
8283,13246
8284,13247
8285,13248
8286,13249
8287,13251
8287,13250
8309,1340
