#category_id,lecture_id
1,7462
1,7463
1,3784
1,3785
1,6301
1,11870
1,12028
1,12029
1,11914
1,12027
1,7295
1,7298
1,7290
1,7289
1,7301
1,7292
2,142
2,1659
2,2507
2,3100
2,7436
2,2253
2,1994
2,1771
2,83
2,54
2,3336
2,2944
2,2349
2,2647
2,1743
2,2506
2,2112
2,1650
2,2119
2,3619
2,4919
2,63
2,3103
2,1641
2,4006
2,6768
2,6315
2,8186
2,5131
2,5141
2,7466
2,7231
2,7232
2,7234
2,7444
2,7442
2,6767
2,1520
2,1648
2,12249
2,11941
2,27
2,7468
2,7439
2,7470
2,7452
2,7490
2,7449
2,7446
2,7469
2,7483
2,7480
2,7451
2,7445
2,7471
2,7482
2,7448
2,7438
2,7467
2,7484
2,7447
2,7481
2,7437
2,7112
2,7117
2,7114
2,7113
2,7109
2,7110
2,7116
2,7118
2,7115
2,2255
2,2259
2,2261
2,2262
2,2264
2,2263
2,2257
2,2260
2,2254
2,2256
2,2258
2,9039
2,7465
2,7464
2,9044
2,9040
2,9048
2,7233
2,7236
2,7845
2,7235
2,6769
2,7230
3,10897
3,915
3,4948
3,5061
3,4521
9,8386
10,3451
10,4137
10,3473
10,4515
10,4415
10,96
10,4465
10,6179
10,6182
10,6184
10,6181
10,3044
10,11551
10,12919
10,11871
10,11802
10,11801
10,11738
10,11874
10,11870
10,11872
10,11804
10,12029
10,11914
10,12406
10,2637
10,12728
10,12721
10,12726
10,12731
10,12740
10,12734
10,12741
10,12742
10,12730
10,12736
10,12958
10,12717
10,12722
10,12739
10,12959
10,12743
10,12738
10,12960
10,12735
10,12725
10,12723
10,12727
10,12729
10,12957
10,12961
10,12732
10,12719
10,12718
10,12956
10,12733
10,12720
10,12737
10,12724
10,11570
10,11571
10,11572
10,12028
10,12027
10,4466
10,4473
10,4516
10,4468
10,4469
10,4470
10,4471
10,4472
10,4474
10,4475
10,4476
10,4479
10,4480
10,4482
10,4483
10,4484
10,4485
10,4486
10,4487
10,4488
10,4489
10,4490
10,4491
10,4492
10,4493
10,4495
10,4496
10,4497
10,4498
10,4499
10,4500
10,4481
10,4501
10,4477
10,4503
10,4504
10,4505
10,4506
10,4507
10,4508
10,4509
10,4510
10,4511
10,4512
11,2390
11,3294
11,2311
11,65
11,842
11,3349
11,2309
11,63
11,6194
11,3847
11,3855
11,6877
11,7057
11,11316
11,3292
11,3293
11,3248
11,3041
11,3035
11,3032
11,2444
11,11818
11,12895
11,11977
11,11956
11,11957
11,11982
11,11978
11,11971
11,11979
11,11983
11,11954
11,11958
11,11970
11,11975
11,11973
11,11974
11,11972
11,11969
11,11955
11,11980
11,11981
11,11968
11,11984
11,11976
11,7454
11,7455
11,7456
13,964
13,2765
13,11178
13,5580
13,6664
13,1398
13,7254
13,5693
13,8243
13,8651
13,5673
13,3597
13,12148
13,12634
13,11385
13,12849
13,12403
13,7259
13,7108
13,4927
13,3354
13,2942
13,2427
13,11362
13,11363
13,11364
13,11365
13,11368
13,11369
13,11370
13,11371
13,11376
13,11377
13,11366
13,11367
13,11372
13,11373
13,11374
13,11375
13,11378
13,11379
13,11380
13,11381
13,11382
13,11383
13,11384
13,5824
13,5803
13,5804
13,5812
13,5813
13,5814
13,5815
13,5816
13,5817
13,5818
13,5805
13,5806
13,5807
13,5808
13,5809
13,5810
13,5811
13,5819
13,5820
13,5821
13,5822
13,5823
13,5781
13,5782
13,5784
13,5785
13,5788
13,5789
13,5791
13,5796
13,5797
13,5798
13,5801
13,5802
13,5780
13,5783
13,5786
13,5787
13,5790
13,5792
13,5793
13,5794
13,5795
13,5799
13,5800
13,12629
13,12635
13,12619
13,12621
13,12631
13,12623
13,12627
13,12630
13,12626
13,12633
13,12618
13,12622
13,12620
13,12636
13,12632
13,12628
13,12624
13,12625
13,9726
13,9729
13,9341
13,9724
13,9731
13,9733
13,9342
13,9725
13,9728
13,9732
13,9727
13,9340
13,9735
13,9730
16,704
16,2707
16,3108
16,542
16,2628
16,2702
16,3762
16,1208
16,4100
16,5471
16,4337
16,378
16,7229
16,3036
16,3081
16,2892
16,11162
16,3842
16,1180
16,471
16,648
16,1296
16,1456
16,832
16,2029
16,588
16,927
16,2761
16,2808
16,1327
16,1526
16,842
16,2896
16,2703
16,1403
16,2812
16,2720
16,3062
16,888
16,3116
16,712
16,2797
16,267
16,2804
16,1153
16,1577
16,864
16,2521
16,1134
16,2126
16,992
16,3231
16,1152
16,360
16,3818
16,4330
16,3913
16,396
16,388
16,391
16,400
16,390
16,397
16,385
16,3046
16,4326
16,2091
16,5165
16,381
16,541
16,4106
16,2759
16,2019
16,3854
16,3932
16,7014
16,6980
16,6079
16,7107
16,7244
16,8086
16,7028
16,5265
16,5266
16,7548
16,4333
16,7012
16,3550
16,404
16,3411
16,6902
16,3740
16,6904
16,8428
16,8339
16,6269
16,3246
16,9597
16,12067
16,11211
16,11150
16,1480
16,12618
16,12623
16,3761
16,13108
16,13088
16,13086
16,3075
16,12410
16,12409
16,13138
16,13136
16,13134
16,13125
16,13124
16,13119
16,13112
16,13129
16,13117
16,13166
16,13167
16,13171
16,13172
16,13089
16,13116
16,12714
16,12713
16,12689
16,12633
16,12631
16,12627
16,12492
16,13168
16,12621
16,12403
16,2825
16,2806
16,2805
16,13169
16,13175
16,13174
16,13170
16,12102
16,12094
16,12091
16,12097
16,12096
16,12100
16,12093
16,12090
16,12099
16,12092
16,12103
16,12101
16,12095
16,12098
16,6260
16,7104
16,7103
16,7099
16,7106
16,4590
16,6259
16,4311
16,8249
16,7101
16,8247
16,7102
16,6258
16,7100
16,3856
16,4186
16,7105
16,13037
16,13023
16,13106
16,13054
16,13092
16,13087
16,13052
16,13035
16,13098
16,13022
16,13018
16,13053
16,13020
16,13048
16,13060
16,13028
16,13010
16,13067
16,13039
16,13079
16,13024
16,13044
16,13013
16,13102
16,13096
16,13056
16,13029
16,13064
16,13074
16,13057
16,13062
16,13015
16,13011
16,13047
16,13019
16,13042
16,13033
16,13008
16,13083
16,13084
16,13017
16,13050
16,13071
16,13076
16,13061
16,13027
16,13072
16,13014
16,13040
16,13078
16,13030
16,13063
16,13103
16,13031
16,13094
16,13059
16,13012
16,13068
16,13036
16,13073
16,13077
16,13016
16,13081
16,13046
16,13021
16,13099
16,13051
16,13026
16,13085
16,13091
16,13095
16,13066
16,13038
16,13082
16,13101
16,13043
16,13034
16,13100
16,13104
16,13065
16,13069
16,13045
16,13025
16,13093
16,13009
16,13090
16,13080
16,13105
16,13058
16,13032
16,13075
16,2101
16,2864
16,2099
16,2102
16,2103
16,2116
16,2104
16,2097
16,2123
16,2865
16,2863
16,3871
16,3892
16,3873
16,3874
16,3875
16,3914
16,3924
16,3922
16,3908
16,3876
16,3859
16,3843
16,4031
16,4032
16,3878
16,4033
16,3860
16,3888
16,3909
16,4035
16,3861
16,3904
16,4036
16,3894
16,3900
16,3870
16,3912
16,3832
16,3863
16,3858
16,4039
16,3868
16,3901
16,3852
16,3905
16,4040
16,4038
16,3925
16,4046
16,3889
16,3891
16,3896
16,3920
16,3928
16,3926
16,3907
16,4042
16,3923
16,4096
16,3893
16,3867
16,3915
16,3929
16,3835
16,3910
16,3890
16,4044
16,3865
16,3902
16,3869
16,3903
16,3927
16,3917
16,3916
16,3839
16,4097
16,3746
16,3751
16,3742
16,3748
16,3741
16,3747
16,3884
16,3750
16,3743
16,3883
16,3745
16,3749
16,12089
16,1262
16,1263
16,930
16,620
16,931
16,2741
16,2900
16,2895
16,2901
16,2725
16,2705
16,2742
16,5333
16,5230
16,5618
16,5328
16,5342
16,5490
16,5541
16,5178
16,5558
16,5340
16,5617
16,5469
16,5382
16,5203
16,5367
16,5204
16,5190
16,5179
16,5614
16,5626
16,5186
16,5604
16,5383
16,5201
16,5200
16,5543
16,5631
16,5338
16,5187
16,5480
16,5229
16,5629
16,5545
16,5627
16,5487
16,5378
16,5612
16,5571
16,5483
16,5189
16,5605
16,5281
16,5609
16,5479
16,5206
16,5371
16,5375
16,5376
16,5481
16,5484
16,5477
16,5173
16,5625
16,5607
16,5615
16,5465
16,5628
16,5380
16,5613
16,5621
16,5620
16,5379
16,5540
16,5358
16,5351
16,5470
16,5491
16,5386
16,5630
16,5475
16,5194
16,5619
16,5474
16,5197
16,5185
16,5337
16,5603
16,5493
16,5492
16,5610
16,5175
16,5199
16,5381
16,5486
16,5624
16,5616
16,5632
16,5191
16,5196
16,5472
16,5346
16,5463
16,5478
16,5198
16,5468
16,5193
16,5606
16,5633
16,5192
16,5611
16,5489
16,5482
16,5349
16,5542
16,5467
16,5347
16,5205
16,5208
16,5473
16,5608
16,5464
16,5385
16,5172
16,5466
16,5354
16,5188
16,13126
16,13133
16,13132
16,13113
16,13123
16,13139
16,13128
16,13122
16,13115
16,13120
16,13127
16,13131
16,13121
16,13135
16,13130
16,13118
16,13114
16,13137
16,7052
16,7047
16,7048
16,7053
16,7051
16,7044
16,7046
16,7043
16,7045
16,4339
16,8251
16,8250
16,4338
16,3421
16,3467
16,3475
16,3415
16,3468
16,3476
16,3479
16,3474
16,3465
16,3419
16,3477
16,3478
16,1017
16,1253
16,638
16,882
16,978
16,979
16,875
16,974
16,679
16,2483
16,883
16,873
16,545
16,872
16,969
16,871
16,1352
16,1286
16,1462
16,949
16,464
16,3353
16,3071
16,3397
16,4327
16,4335
16,4761
16,4760
16,9748
16,9743
16,9756
16,9738
16,9755
16,9754
16,9757
16,9758
16,9751
16,9740
16,9742
16,9739
16,9753
16,9744
16,9741
16,9746
16,9749
16,9750
16,9745
16,12629
16,12635
16,12619
16,12630
16,12626
16,12634
16,12622
16,12620
16,12636
16,12632
16,12628
16,12624
16,12625
16,1361
16,1027
16,988
16,569
16,893
16,1238
16,2466
16,1230
16,1236
16,942
16,1235
16,1417
16,7547
16,7546
16,8465
16,8466
16,8467
16,8496
16,8497
16,8500
16,8501
16,8502
16,8503
16,8504
16,8505
16,8506
16,8507
16,8508
16,8509
16,8510
16,8511
16,8512
16,8513
16,7042
16,7033
16,7037
16,7030
16,7040
16,7039
16,7034
16,7035
16,7032
16,7041
16,7036
17,3160
17,2857
17,5471
17,11246
17,11273
17,11272
17,11270
17,11269
17,11268
17,11271
17,11158
17,2704
17,1138
17,632
17,1459
17,1458
17,933
17,1140
17,572
17,1479
17,3180
17,775
17,1269
17,1125
17,1247
17,519
17,1066
17,2692
17,1533
17,711
17,1509
17,1294
17,1452
17,950
17,1329
17,546
17,1277
17,1382
17,2098
17,2722
17,1531
17,2811
17,2823
17,614
17,2847
17,2733
17,2841
17,2465
17,412
17,3137
17,2124
17,2437
17,3260
17,4329
17,3685
17,6935
17,6945
17,7038
17,6794
17,6867
17,5177
17,12625
17,3819
17,3075
17,3065
17,3049
17,3048
17,11293
17,13126
17,13133
17,13170
17,12710
17,12709
17,12622
17,462
18,5594
18,11159
18,1490
18,1333
18,1241
18,613
18,621
18,622
18,431
18,423
18,975
18,954
18,1257
18,1094
18,2438
18,1437
18,845
18,427
18,476
18,1494
18,417
18,1122
18,1533
18,688
18,623
18,2095
18,844
18,1198
18,1373
18,1516
18,908
18,601
18,843
18,498
18,2899
18,2952
18,3744
18,2823
18,5384
18,5377
18,1515
18,3872
18,5637
18,3263
18,6946
18,3677
18,5267
18,5174
18,4606
18,5471
18,3818
19,169
19,1521
19,26
19,19
19,538
19,1194
19,2979
19,2953
19,1424
19,2412
19,3271
19,10104
19,1458
19,632
19,723
19,962
19,496
19,1992
19,2847
19,2421
19,2419
19,2424
19,2724
19,2425
19,2422
19,2423
19,3258
19,1264
19,630
19,2420
19,2416
19,2411
19,2650
19,2465
19,2025
19,2651
19,1159
19,2857
19,3272
19,3387
19,3126
19,1418
19,4599
19,3482
19,4593
19,6937
19,3235
19,3481
19,892
19,3829
19,7050
19,6902
19,8373
19,3063
19,3047
19,11287
19,13122
19,12865
19,7052
19,7047
19,7048
19,7053
19,7051
19,7044
19,7046
19,7043
19,7045
19,11294
19,11293
19,11295
19,11206
20,1443
20,1484
20,543
20,1087
20,874
20,1510
20,3203
20,2817
20,12697
20,12693
21,1546
21,3277
21,3253
21,4041
21,5247
22,10875
22,10878
22,10882
22,10883
22,10890
22,10901
22,10892
22,10891
22,10889
22,10879
22,10876
22,11379
22,11378
22,11377
22,11375
22,11374
22,11373
22,11372
22,11371
22,11365
22,11364
22,369
22,292
22,2762
22,11178
22,5693
22,5080
22,7556
22,5079
22,10899
22,10898
22,10896
22,10895
22,10888
22,10887
22,10886
22,10885
22,10884
22,10881
22,10880
22,3045
22,10902
22,11382
22,11370
22,3307
22,11362
22,11366
22,11368
22,11369
22,11380
22,11384
22,3249
22,3037
22,8393
22,11363
22,11376
22,11367
22,11381
22,11383
22,11385
22,5781
22,5782
22,5784
22,5785
22,5788
22,5789
22,5791
22,5796
22,5797
22,5798
22,5801
22,5802
22,5780
22,5783
22,5786
22,5787
22,5790
22,5792
22,5793
22,5794
22,5795
22,5799
22,5800
23,1350
23,3154
23,9694
23,66
23,79
23,246
23,1474
23,2416
23,204
23,5677
23,4666
23,3487
23,6207
23,6317
23,12068
23,11020
23,11018
23,11017
23,11011
23,11004
23,10995
23,10990
23,10980
23,11009
23,11010
23,11005
23,10872
23,10985
23,11006
23,11024
23,11023
23,11022
23,11021
23,11019
23,11016
23,11015
23,11014
23,11013
23,11012
23,11008
23,11007
23,13168
23,10871
23,10974
23,10975
23,10976
23,10977
23,10979
23,10981
23,10982
23,10984
23,10986
23,10987
23,10988
23,10989
23,10991
23,10992
23,10993
23,10994
23,10996
23,10997
23,10998
23,10999
23,11000
23,11001
23,11002
23,11003
23,11743
23,12084
23,12085
23,12080
23,12081
23,12082
23,12083
23,12086
23,12087
23,12074
23,12075
23,12076
23,12077
23,12079
23,12088
23,12072
23,12073
23,12069
23,12070
23,12071
23,12078
23,8393
23,8394
23,8395
23,4667
23,4668
23,4669
23,4670
23,4671
23,4672
23,4673
23,4674
23,4675
23,4676
23,4677
23,4678
23,4679
23,4680
23,4681
23,4682
23,4683
23,4684
23,4685
23,4686
23,4687
23,4688
23,4689
23,4690
23,4691
23,4692
23,4693
23,4694
23,4695
23,4696
23,4697
23,4698
23,5825
23,5826
23,5827
23,5828
23,5829
23,5830
23,5831
23,5832
23,5833
23,5834
23,5835
23,5836
23,5837
23,5838
23,5839
23,5840
23,5841
23,5842
23,5843
23,5844
23,5845
23,5846
23,5847
23,5848
23,5849
23,5850
23,5851
23,5852
23,5853
23,5854
23,5855
23,5856
23,11870
23,11872
23,11871
23,10978
25,2711
25,804
25,852
25,1265
25,2712
25,2710
25,1102
25,939
25,2709
25,2780
25,4332
25,5527
25,5327
25,5533
25,5532
25,5516
25,5528
25,7545
25,8242
25,11149
25,5579
25,5525
25,12781
25,12701
25,9522
25,667
25,12636
25,909
25,5526
25,5515
25,5523
25,5531
25,5518
25,5524
25,5530
25,5521
25,5536
25,5519
25,5537
25,5538
25,5534
25,5529
25,5539
25,5535
25,5522
26,9693
26,2493
26,2661
26,2662
26,272
26,3951
26,3950
26,3733
26,11202
26,11469
26,11571
26,12735
27,6653
27,3494
27,1888
27,415
27,2177
27,2385
27,337
27,2196
27,1793
27,1804
27,1885
27,1928
27,1782
27,1788
27,615
27,2384
27,2219
27,2148
27,1988
27,1890
27,1939
27,1889
27,1790
27,2581
27,2181
27,2151
27,2147
27,2150
27,2139
27,2140
27,2146
27,2395
27,1892
27,1891
27,1896
27,1951
27,1895
27,2398
27,1800
27,1786
27,1770
27,1920
27,1924
27,1856
27,294
27,1899
27,3340
27,2654
27,3414
27,2821
27,1942
27,3427
27,1841
27,1809
27,1995
27,2191
27,1965
27,3428
27,3182
27,1394
27,1835
27,3289
27,3184
27,1984
27,2403
27,1968
27,1962
27,3992
27,824
27,3223
27,2143
27,3968
27,1882
27,1758
27,4905
27,6285
27,3952
27,4139
27,6607
27,6665
27,6664
27,3412
27,7005
27,6906
27,1842
27,5373
27,3857
27,5318
27,8092
27,7768
27,6815
27,6821
27,8204
27,6666
27,8205
27,7241
27,6658
27,3935
27,6663
27,4427
27,9334
27,2934
27,1994
27,3473
27,3932
27,9600
27,1759
27,1107
27,90
27,12966
27,12964
27,12968
27,12860
27,12872
27,12967
27,12965
27,13015
27,13014
27,12402
27,4283
27,8548
27,6840
27,6661
27,71
27,12478
27,11871
27,2153
27,201
27,12871
27,12870
27,12869
27,12853
27,4999
27,2943
27,2373
27,2183
27,1990
27,1989
27,1987
27,1981
27,1931
27,1906
27,1814
27,1768
27,1767
27,9992
27,9989
27,9984
27,9994
27,9985
27,9987
27,9981
27,9988
27,9990
27,9995
27,9993
27,9986
27,9982
27,9996
27,9983
27,9991
27,4460
27,4459
27,4461
27,4433
27,7011
27,7008
27,7003
27,10446
27,7013
27,7002
27,7006
27,7010
27,7015
27,7009
27,7016
27,1764
27,1791
27,1801
27,1772
27,1762
27,1760
27,1802
27,1761
27,1769
27,1787
27,9791
27,9792
27,9793
27,5299
27,9787
27,5458
27,5459
27,5460
27,9789
27,9788
27,5272
27,9761
27,5456
27,9790
27,5270
27,5462
27,5461
27,5300
27,9786
27,5271
27,5457
27,2386
27,2306
27,2307
27,2304
27,2333
27,2305
27,3972
27,3979
27,3985
27,3937
27,3940
27,3990
27,3961
27,3934
27,3936
27,3962
27,3933
27,3957
27,3988
27,3969
27,3976
27,3931
27,3956
27,3970
27,3963
27,3974
27,3980
27,3938
27,3984
27,3967
27,3975
27,3973
27,5156
27,3966
27,3971
27,3981
27,3987
27,3960
27,3959
27,3977
27,3958
27,3978
27,3413
27,3983
27,3955
27,3953
27,3964
27,3982
27,3986
27,3965
27,6668
27,6659
27,6588
27,6587
27,6662
27,6660
27,6585
27,6586
27,6656
27,6667
27,6654
27,8094
27,8091
27,8095
27,8087
27,8096
27,8088
27,12487
27,12483
27,12484
27,12491
27,12490
27,12486
27,12482
27,12489
27,12479
27,12481
27,12493
27,12485
27,12488
27,12480
27,12492
28,3444
28,3570
28,3494
28,3443
28,2371
28,2723
28,2734
28,2724
28,332
28,1855
28,1850
28,2972
28,1557
28,1849
28,941
28,2479
28,3330
28,3525
28,3186
28,3877
28,3879
28,3866
28,3220
28,3601
28,6284
28,3639
28,3593
28,3919
28,3457
28,6133
28,3195
28,7244
28,11159
28,12868
28,3657
28,1452
28,12485
28,12694
28,12840
29,3261
29,2482
29,1589
29,2908
29,3260
29,3899
29,2904
29,11222
29,11217
29,11220
29,11221
29,11223
29,11224
29,11225
29,11229
29,11227
29,1453
29,1032
29,1028
29,933
29,281
29,2731
29,1088
29,1257
29,716
29,1206
29,2125
29,2914
29,2912
29,1833
29,2813
29,785
29,2728
29,2898
29,2833
29,1514
29,1796
29,217
29,876
29,1177
29,2100
29,2859
29,1388
29,755
29,102
29,309
29,669
29,2860
29,2781
29,2905
29,1834
29,3010
29,3206
29,2907
29,2915
29,2911
29,2983
29,3198
29,3207
29,2899
29,2909
29,3000
29,3203
29,3205
29,3186
29,3272
29,3911
29,3490
29,4037
29,5248
29,3919
29,3681
29,6133
29,3897
29,6098
29,7551
29,5365
29,6867
29,6267
29,5402
29,9390
29,11226
29,13091
29,2913
29,11288
29,13132
29,11228
29,11289
29,2910
30,2555
30,2577
30,2626
30,2633
30,2627
30,2629
30,2625
30,2578
30,2557
30,2580
30,2583
30,2589
30,2590
30,2558
30,2556
30,10017
31,7462
31,7463
31,79
31,3785
31,3784
31,3701
31,6011
31,3783
31,6299
31,5960
31,9683
31,11313
31,3543
31,11314
31,3042
31,7302
31,7303
31,5981
31,5982
31,6023
31,3710
31,3704
31,3706
31,3708
31,3719
31,3703
31,3702
31,3707
31,3711
31,3718
31,3709
31,3705
31,12602
32,12759
32,12721
32,12722
32,12727
32,12363
32,12719
32,12742
33,11210
33,1431
33,1492
33,704
33,489
33,713
33,3067
33,1320
33,414
33,2421
33,2425
33,2732
33,808
33,730
33,860
33,1421
33,2691
33,867
33,1149
33,848
33,859
33,1255
33,4328
33,3930
33,894
33,2933
33,1549
33,7561
33,2748
33,2737
33,4102
33,1288
33,12705
33,2894
33,3210
33,12696
33,12697
33,12695
33,12620
33,3754
33,3003
33,2706
33,1354
33,1500
34,2710
34,445
34,1184
34,1151
34,564
34,11207
34,11208
34,11145
34,11157
34,685
34,2413
34,932
34,885
34,1408
34,1269
34,1540
34,1158
34,426
34,1100
34,928
34,1467
34,2414
34,2026
34,1342
34,1183
34,563
34,1239
34,1233
34,2467
34,886
34,791
34,2807
34,2415
34,428
34,1447
34,2712
34,2711
34,9434
34,2936
34,3281
34,3758
34,3384
34,3823
34,4594
34,4102
34,3921
34,4596
34,5393
34,6079
34,5651
34,5417
34,3379
34,927
34,3677
34,5528
34,5265
34,5623
34,5488
34,5397
34,6226
34,7050
34,3752
34,3882
34,8374
34,9737
34,5388
34,11213
34,11142
34,2714
34,12626
34,3050
34,12698
34,2707
34,12704
34,12700
34,12622
34,12620
34,12691
34,3755
34,3881
34,3756
34,3759
34,3757
34,3753
34,3760
34,3880
34,6087
34,6080
34,6091
34,6081
34,6084
34,6088
34,6085
34,6090
34,6089
35,11155
35,9818
35,1062
35,68
35,1080
35,1412
35,2951
35,788
35,465
35,656
35,2665
35,779
35,1507
35,1518
35,782
35,1076
35,1947
35,1245
35,1250
35,1086
35,2957
35,781
35,2855
35,2820
35,2854
35,3676
35,8086
35,12091
35,10118
35,10106
35,10115
35,10114
35,10105
35,10113
35,10116
35,10108
35,10117
35,10109
35,10107
35,10110
35,10111
35,10112
36,3002
36,3195
36,1551
36,2635
36,1047
36,2373
36,2120
36,1537
36,283
36,1536
36,2361
36,1190
36,82
36,2963
36,2959
36,3024
36,2949
36,3025
36,2804
36,3022
36,3023
36,2637
36,2982
36,3026
36,2119
36,2820
36,2766
36,2981
36,2984
36,2775
36,41
36,360
36,3619
36,2971
36,3834
36,98
36,4043
36,4593
36,3898
36,2932
36,3174
36,3895
36,892
36,6783
36,6134
36,3213
36,4048
36,7244
36,7553
36,9390
36,8480
36,8593
36,3059
36,2964
36,11147
36,3038
36,3030
36,3027
36,2947
36,1535
36,11724
36,11647
36,11654
36,11559
36,12863
36,12862
36,3052
36,2941
36,2939
36,2940
36,2938
36,11659
36,11697
36,11725
36,11668
36,11728
36,11660
36,11657
36,11656
36,11699
36,11721
36,11664
36,11729
36,11665
36,11722
36,11727
36,11667
36,11658
36,11720
36,11723
36,11666
36,11726
36,11698
37,2030
37,2736
37,3399
37,487
37,793
37,1729
37,946
37,1555
37,2201
37,2178
37,2934
37,89
37,3299
37,3298
37,1389
37,2022
37,436
37,1391
37,2954
37,1217
37,2827
37,2025
37,1387
37,1077
37,3184
37,2437
37,1109
37,1989
37,1360
37,4899
37,3398
37,3601
37,4139
37,5393
37,4331
37,3559
37,6275
37,6133
37,2033
37,13128
38,1423
38,4897
38,3576
38,12273
38,12217
38,1837
38,226
38,913
38,1836
38,1843
38,487
38,1862
38,895
38,258
38,828
38,1844
38,1847
38,1832
38,1841
38,1577
38,583
38,1835
38,3579
38,3577
38,1845
38,914
38,4189
38,5648
38,5213
38,996
38,586
38,3192
38,12099
38,1010
38,6278
38,6276
38,1451
38,1391
38,4130
38,1389
38,1919
38,925
38,793
38,1585
38,6277
38,6282
38,6279
38,6280
38,6281
38,12275
38,12272
38,12276
38,12271
38,12274
39,2984
39,3620
39,2971
39,301
39,2110
40,2030
40,1304
40,3271
40,92
40,11148
40,11155
40,11157
40,1450
40,2023
40,519
40,2828
40,429
40,752
40,2783
40,2026
40,2022
40,753
40,744
40,2821
40,1573
40,2726
40,2766
40,2818
40,2816
40,2025
40,2967
40,1196
40,5261
40,3070
40,6791
40,6276
40,1223
40,11144
40,13096
40,13029
40,13028
40,2858
41,3261
41,5293
41,1240
41,2149
41,1037
41,467
41,99
41,453
41,1477
41,532
41,2734
41,862
41,4204
41,1036
41,13090
41,3041
41,1534
41,468
41,4043
41,1506
42,1993
42,4103
42,4200
42,1806
42,585
42,1766
42,1789
42,1986
42,1807
42,2157
42,2222
42,1949
42,1969
42,1938
42,1996
42,1961
42,1970
42,1952
42,1950
42,2170
42,2155
42,2180
42,2201
42,2178
42,1774
42,1934
42,1935
42,1765
42,2393
42,2394
42,1948
42,1997
42,1803
42,1805
42,1865
42,1929
42,1933
42,1897
42,1924
42,3244
42,2842
42,2648
42,2164
42,2176
42,1886
42,3517
42,4204
42,1967
42,6137
42,6783
42,5293
42,6657
42,8089
42,7244
42,12863
42,4201
42,4202
42,4203
43,2152
43,3516
43,6657
43,6593
43,6634
44,1806
44,1960
44,1936
44,1943
44,1972
44,1923
44,8548
44,6655
44,1991
45,5103
45,5123
45,2347
45,2357
45,2531
45,142
45,5147
45,2553
45,3726
45,138
45,2354
45,5124
45,5140
45,5141
45,5128
45,2530
45,5134
45,5133
45,5132
45,5125
45,12211
45,2570
45,2562
45,2561
45,2571
45,2575
45,2554
45,2574
45,2564
45,2569
45,2567
45,2566
45,5109
45,5106
45,5119
45,5121
45,5110
45,5120
45,5130
45,5137
45,5113
45,5105
45,5129
45,5117
45,5116
45,5111
45,5118
45,5104
45,5142
45,5126
45,5112
45,5139
45,5108
45,5115
45,5127
45,5122
45,10445
45,5167
45,5114
45,5107
46,2096
46,2715
46,1536
46,2933
46,2721
46,1254
46,198
46,3133
46,1255
46,3930
46,2897
46,2893
47,772
47,1025
47,902
47,1203
47,2796
47,1320
47,268
47,1378
47,4041
47,6839
48,2219
48,2148
48,2183
48,996
48,2217
48,2218
48,2187
48,2186
48,2181
48,2151
48,2147
48,2150
48,2139
48,2140
48,2146
48,1800
48,1883
48,1907
48,1908
48,1972
48,1955
48,1884
48,1954
48,895
48,777
48,258
48,1107
48,657
48,2721
48,1871
48,2954
48,1217
48,1868
48,1302
48,2748
48,2470
48,1308
48,1387
48,1869
48,424
48,478
48,2437
48,914
48,1050
48,5214
48,2916
48,6666
48,6275
48,6269
48,5212
48,12094
48,12093
48,972
48,3245
48,12984
48,12942
48,12941
48,12820
48,2115
48,12935
48,12102
48,3367
48,3357
48,3355
48,3368
48,3372
48,3363
48,3366
48,3370
48,3361
48,3369
48,3365
48,3359
48,3362
48,3364
48,3371
48,3356
48,12951
48,12955
48,12946
48,12950
48,12949
48,12953
48,12936
48,12954
48,12934
48,12952
48,12940
48,12944
48,12947
48,12933
48,12938
48,12937
48,12939
48,12948
48,12945
48,12943
49,2708
49,1042
49,2747
49,725
49,812
49,1062
49,948
49,640
49,609
49,832
49,1034
49,2735
49,2027
49,3175
49,2022
49,2746
49,3254
49,412
49,3824
49,4334
49,2840
49,3682
49,7544
49,11213
49,3061
49,11294
49,13120
49,13169
49,13137
49,12703
49,12702
49,11277
49,11280
49,11319
49,11278
49,11279
49,11275
49,11274
49,11276
50,3762
50,585
50,525
50,926
50,2215
50,527
50,1941
50,1952
50,528
50,529
50,2031
50,1972
50,2182
50,1217
50,2827
50,1868
50,3182
50,1394
50,1863
50,1859
50,1864
50,1866
50,1989
50,3862
50,1875
50,3968
50,3857
50,6275
50,2200
50,12775
50,12776
50,12780
50,12781
50,12777
50,12778
50,12779
50,1968
50,424
50,12716
50,3189
50,2202
50,11698
50,11697
50,11699
51,1640
51,1644
51,1646
51,1655
51,1739
51,1718
51,1709
51,3303
51,3309
51,3296
51,1744
51,1719
51,1746
51,4767
51,3310
51,1738
51,1737
51,1662
51,1693
51,1686
51,1684
52,619
52,447
52,1039
52,5005
52,8880
52,8935
52,8933
52,8940
52,8930
52,8931
52,8942
52,8932
52,8936
52,8934
52,8938
52,8937
52,8939
52,5036
52,5028
52,5040
52,5039
52,5035
52,5023
52,5029
52,5024
52,5025
52,5027
52,5034
52,5031
52,5037
52,5022
52,5026
52,5030
52,5033
52,5038
53,3629
53,6184
54,2763
54,686
54,1298
54,3111
54,937
54,2418
54,2738
54,2424
54,2717
54,730
54,1341
54,3236
54,600
54,2568
54,2651
54,666
54,2563
54,3698
54,2628
55,3152
55,1349
55,461
55,3153
55,2728
55,3443
55,3166
55,3161
55,3394
55,3393
55,3395
55,854
55,2765
55,1851
55,3178
55,1557
55,2799
55,3877
55,3148
55,3142
55,3174
55,3158
55,3457
55,973
55,3157
55,3149
55,3145
55,3144
55,3176
55,3163
55,3156
55,3143
55,2829
55,3657
55,3392
55,3391
55,3179
55,13095
55,13139
55,13135
55,12711
55,12707
55,5060
55,3390
55,5963
55,5966
55,5965
55,6292
55,6296
55,6294
55,5967
55,6295
55,5578
55,6293
55,6289
55,6288
55,6287
55,6291
55,6290
55,5969
55,5968
55,3141
55,3177
56,7173
56,7174
56,7175
56,2504
56,2502
56,2500
56,4428
56,4430
56,3323
56,4431
56,4429
56,2499
56,7059
56,6321
56,2491
56,7172
56,2492
56,2498
56,2495
56,2496
56,2497
56,2494
56,2501
56,2503
58,4114
58,12332
58,12330
58,9666
58,40
58,81
58,3319
58,5694
58,5680
58,6726
58,6763
58,6764
58,6765
58,6778
58,6781
58,6782
58,6851
58,7225
58,7226
58,7227
58,7098
58,7251
58,7378
58,4621
58,6761
58,8255
58,7502
58,4648
58,6469
58,6760
58,7246
58,6779
58,12306
58,11551
58,11564
58,12305
58,11803
58,3291
58,6780
58,167
58,7250
58,6762
58,6759
58,8289
58,45
58,12307
58,12311
58,12312
58,12313
58,12310
58,12318
58,12309
58,12308
58,12331
58,12325
58,12321
58,7642
58,7643
58,7645
58,7647
58,7663
58,7665
58,7666
58,7667
58,7669
58,7670
58,7671
58,7673
58,7674
58,7676
58,7681
58,7682
58,7683
58,7684
58,7685
58,7686
58,7644
58,7649
58,7650
58,7652
58,7655
58,7657
58,7658
58,7660
58,7662
58,7668
58,7672
58,7675
58,7677
58,7678
58,7679
58,7680
58,4757
58,4644
58,4645
58,4646
58,4647
58,4649
58,4650
58,4651
58,4652
58,4653
58,4654
58,4655
58,4656
58,4657
58,4658
58,4659
58,4660
58,4661
58,4662
58,4663
58,4664
58,4665
58,4699
58,4700
58,4701
58,4702
58,4703
58,4704
58,4705
58,4706
58,4707
58,4708
58,4709
58,4710
58,4711
58,4712
58,4758
58,6092
58,5743
58,5744
58,5745
58,5746
58,5747
58,5748
58,5749
58,5750
58,5751
58,5752
58,5753
58,5754
58,5755
58,5756
58,5757
58,5758
58,5759
58,5760
58,5761
58,5762
58,5763
58,5764
58,5765
58,5766
58,5767
58,5768
58,5769
58,5770
58,5771
58,5772
58,5773
58,5774
58,5775
58,5776
58,5777
58,5778
58,6094
58,5696
58,5697
58,5698
58,5699
58,5700
58,5701
58,5702
58,5703
58,5704
58,5705
58,5706
58,5707
58,5708
58,5709
58,5710
58,5711
58,5712
58,5713
58,5714
58,5715
58,5716
58,5717
58,5718
58,11570
58,11571
58,11572
59,2518
59,2378
59,22
59,8198
59,12130
59,12127
59,12126
59,12124
59,12125
59,12122
59,12119
59,12118
59,12117
59,12115
59,12114
59,12113
59,12111
59,12112
59,12110
59,12109
59,12108
59,12106
59,12065
59,12064
59,12465
59,12466
59,12467
59,141
59,117
59,9685
59,9661
59,76
59,56
59,24
59,51
59,2923
59,11199
59,6370
59,5652
59,3714
59,6473
59,12062
59,136
59,12123
59,12121
59,12120
59,12107
59,12104
59,5668
59,12129
59,12128
59,12105
59,11414
59,2429
59,165
59,164
59,140
59,139
59,137
59,134
59,123
59,11415
59,11417
59,11418
59,11419
59,11420
59,11421
59,11423
59,11424
59,11425
59,11426
59,11427
59,11428
59,11429
59,11430
59,11431
59,11432
59,11433
59,11434
59,11435
59,11436
59,11437
59,11438
59,11439
59,11440
59,11441
59,11442
59,11443
59,11444
59,11445
59,11447
59,11448
59,11449
59,7333
59,7334
59,7335
59,7336
59,7337
59,7338
59,7339
59,7340
59,7341
59,7342
59,7343
59,7344
59,7345
59,7346
59,7347
59,7348
59,7349
59,7350
59,7351
59,7352
59,7353
59,7354
59,7355
59,7356
59,7357
59,7358
59,7359
59,7360
59,7361
59,7362
59,7363
59,7366
59,7367
59,7368
59,5653
59,5654
59,5655
59,5656
59,5657
59,5658
59,5659
59,5660
59,5661
59,5662
59,5663
59,5664
59,5665
59,5666
59,5667
59,5669
59,5670
59,5671
59,5672
59,5674
59,5675
59,5676
59,5678
59,5679
59,5681
59,5682
59,5683
59,5684
59,5686
59,5687
59,5688
59,5689
59,5690
59,5691
59,5692
59,11446
59,11422
60,12365
60,2664
60,2751
60,179
60,2490
60,3234
60,2516
60,4425
60,9811
60,2869
60,9796
60,9658
60,99
60,1790
60,2870
60,2766
60,3236
60,2868
60,2871
60,3231
60,3470
60,2952
60,4519
60,3584
60,4411
60,4966
60,2887
60,4921
60,4385
60,2752
60,212
60,6476
60,6477
60,9648
60,9647
60,11110
60,4494
60,3315
60,12168
60,8786
60,11738
60,11880
60,12437
60,3235
60,5162
60,3488
60,3238
60,4374
60,2889
60,2867
60,2757
60,4375
60,4376
60,4379
60,2758
60,2882
60,2880
60,2872
60,4422
60,4378
60,4380
60,4381
60,4382
60,4383
60,2886
60,2888
60,4386
60,4384
60,4407
60,4424
60,4387
60,4390
60,4392
60,4394
60,2876
60,4401
60,4403
60,2883
60,4405
60,4406
60,2877
60,2878
60,2756
60,4408
60,4409
60,4410
60,4412
60,2754
60,4413
60,4414
60,4416
60,2890
60,4417
60,4423
60,4418
60,4419
60,2755
60,2891
60,2866
60,2874
60,2875
60,4420
60,4421
60,12418
60,12422
60,12420
60,12415
60,12423
60,12417
60,12425
60,12416
60,12421
60,12414
60,12413
60,12424
60,12412
60,12419
61,694
61,1023
61,1022
61,709
61,1266
61,708
61,1018
61,1021
61,1024
61,698
61,2658
61,1026
61,1020
61,3229
61,2356
61,3226
61,2348
61,3762
61,3232
61,3228
61,2576
61,1025
61,1019
62,2462
62,2451
62,3950
63,469
63,1358
63,2433
63,889
63,1346
63,1126
63,714
63,1285
63,664
63,705
63,436
63,808
63,420
63,4099
63,5485
63,5202
63,7022
63,7024
63,3833
65,40
65,2376
65,176
65,10034
65,2652
65,2409
65,3338
65,6136
65,6143
65,4779
65,4780
65,1653
65,4739
65,12740
65,12741
65,11881
65,11873
65,2266
65,11884
65,11824
65,11525
65,11802
65,11738
65,11735
65,11734
65,11801
65,11826
65,11818
65,11825
65,11732
65,11804
65,11803
65,11807
65,11806
66,3494
66,1926
66,1956
66,1978
66,2428
66,1866
66,3862
66,11664
66,12834
67,3826
67,1334
67,921
67,956
67,885
67,425
67,1131
67,943
67,588
67,835
67,1380
67,1116
67,1112
67,1111
67,1113
67,918
67,708
67,935
67,612
67,659
67,475
67,2811
67,1365
67,434
67,2417
67,929
67,505
67,2692
67,1419
67,416
67,1343
67,1313
67,410
67,9434
67,2716
67,937
67,944
67,1115
67,2915
67,848
67,570
67,7026
67,7021
67,6082
67,6083
67,3882
67,8373
67,11212
67,11159
67,3050
67,2809
67,12700
68,11215
68,11145
68,1415
68,797
68,1481
68,827
68,2749
68,1250
68,410
68,3111
68,2423
68,732
68,1341
68,1372
68,3386
68,3950
68,3906
68,1515
68,1379
68,3379
68,1050
68,5476
68,5517
68,5527
68,5528
68,5505
68,5488
68,5389
68,5403
68,1589
69,171
69,2782
69,2795
69,2931
69,2794
69,2790
69,2777
69,1696
69,121
69,2753
69,2793
69,1649
69,2930
69,2769
69,2780
69,2773
69,2774
69,2771
69,2729
69,2788
69,2786
69,3615
69,4102
69,5263
69,6466
69,10870
69,10966
69,10958
69,10959
69,10962
69,10963
69,10964
69,10965
69,10968
69,10969
69,10970
69,10971
69,10972
69,10973
69,10967
70,1946
70,1340
70,1958
70,2407
70,1927
70,1959
70,1977
70,2591
70,1911
70,1763
70,1232
70,11665
70,2588
70,2585
70,2579
70,1957
70,11668
70,11666
70,11667
71,1579
71,3069
71,1023
71,1450
71,2830
71,2824
71,2800
71,2879
71,422
71,466
71,1199
71,2821
71,1573
71,1570
71,795
71,544
71,1223
71,2814
71,751
71,590
71,249
71,987
71,2826
71,745
71,1372
71,2745
71,2124
71,2799
71,1964
71,2843
71,2967
71,3831
71,2026
71,4336
71,4174
71,2840
71,1196
71,749
71,5261
71,6734
71,6676
71,2019
71,8248
71,7025
71,7550
71,6794
71,3078
71,11161
71,11144
71,11142
71,11148
71,12431
71,13106
71,13105
71,13102
71,13101
71,13100
71,13093
71,13092
71,13088
71,13086
71,13030
71,13029
71,13027
71,13018
71,3033
71,3031
71,12409
71,13087
71,13104
71,13096
71,13094
71,13099
71,13089
71,13103
71,13021
71,13026
71,13031
71,13036
71,13046
71,12624
71,13037
71,13023
71,13054
71,13052
71,13035
71,13098
71,13022
71,13053
71,13020
71,13048
71,13060
71,13028
71,13010
71,13067
71,13039
71,13079
71,13024
71,13044
71,13013
71,13056
71,13064
71,13074
71,13057
71,13062
71,13015
71,13011
71,13047
71,13019
71,13042
71,13033
71,13008
71,13083
71,13084
71,13017
71,13050
71,13071
71,13076
71,13061
71,13072
71,13014
71,13040
71,13078
71,13063
71,13059
71,13012
71,13068
71,13073
71,13077
71,13016
71,13081
71,13051
71,13085
71,13091
71,13095
71,13066
71,13038
71,13082
71,13043
71,13034
71,13065
71,13069
71,13045
71,13025
71,13009
71,13090
71,13080
71,13058
71,13032
71,13075
71,6785
71,6790
71,6789
71,6793
71,6731
71,6735
71,6729
71,6795
71,6736
71,6737
71,6788
71,6728
71,6796
71,6733
71,6787
71,6732
71,6738
71,6792
71,6730
71,6786
72,477
72,3257
72,1299
72,952
72,521
72,520
72,517
72,492
72,2730
72,12712
73,1661
73,6791
73,6797
73,6650
73,5384
73,8248
73,11148
73,2727
74,2551
74,2481
74,11768
74,11767
74,11747
74,11769
74,11770
74,11771
74,11772
74,3687
74,4763
74,2552
74,2632
75,206
75,3247
75,3043
76,3115
76,1974
76,2021
76,2024
76,2032
76,676
76,2992
76,1998
76,2020
76,2034
76,2960
76,1999
76,2993
76,1905
76,1794
76,1976
76,1798
76,1901
76,1811
76,1910
76,1777
76,1902
76,1900
76,1878
76,1810
76,2028
76,1784
76,1778
76,1913
76,1880
76,1881
76,1812
76,1973
76,1912
76,1975
76,1903
76,1799
76,1909
76,1792
76,1879
76,2002
76,1813
76,1797
76,2015
76,1781
76,1776
76,3116
76,1911
76,3690
76,3691
76,3692
76,3951
76,3989
76,3469
76,3051
78,3290
78,4130
78,419
78,4952
78,4966
78,4988
78,4968
78,4956
78,4998
78,570
78,5581
78,5211
78,4953
78,4824
79,12360
79,12361
79,12362
79,12363
79,12365
79,12279
79,11925
79,11846
79,11926
79,12364
79,12354
79,12353
79,12352
80,6345
80,11190
80,7721
80,3325
80,3337
80,6479
80,5960
80,6301
80,11410
80,13032
80,11413
80,11412
80,11411
80,11408
80,7724
80,11883
80,7722
80,7295
80,7298
80,7290
80,7289
80,7301
80,7292
80,5981
80,5982
80,6023
80,11409
81,6850
81,12182
81,12179
81,10026
81,10027
81,9650
81,4943
81,4429
81,10579
81,10580
81,10582
81,10583
81,10584
81,10585
81,11202
81,11982
81,11983
81,12720
81,12721
81,12726
81,12740
81,12728
81,12170
81,12171
81,12172
81,12173
81,12174
81,12175
81,12176
81,12177
81,12184
81,12185
81,12186
81,12187
81,12188
81,12190
81,12191
81,12192
81,12193
81,12194
81,12195
81,12196
81,12197
81,12198
81,12199
81,12200
81,12201
81,12378
81,12379
81,12380
81,12381
81,12382
81,12383
81,3293
81,12169
81,12388
81,12386
81,12189
81,12183
81,12180
81,12178
81,12154
81,11878
81,9979
81,12387
81,12385
81,12384
81,12181
81,11877
81,11879
81,11940
81,11807
81,11551
81,12738
81,12725
81,11469
81,11570
81,11571
81,11572
81,12432
81,12431
81,12430
81,12433
81,12136
81,12137
81,12139
81,12429
81,12140
81,9700
81,9684
81,9808
81,10031
81,9688
81,10035
81,9801
81,10036
81,9689
81,9697
81,9806
81,9810
81,9803
81,9799
81,9662
81,9812
81,9800
81,9686
81,9795
81,10032
81,9794
81,9660
81,9692
81,9815
81,9698
81,9809
81,9817
82,3838
82,3775
82,3776
82,3774
82,3772
82,3840
82,3771
82,6727
82,3781
82,3848
82,3777
82,3779
82,3778
82,3780
82,3782
82,3810
82,3836
82,3811
82,3837
82,3845
82,3844
82,3846
82,3847
82,3849
82,3855
82,9653
82,6740
82,9677
82,9678
82,9663
82,9676
82,9665
82,9669
82,9667
82,9675
82,9679
82,9672
82,9680
82,9681
82,9668
82,9664
82,9682
82,3850
82,3851
82,3853
82,3841
82,3773
82,3812
83,457
83,2752
83,6305
83,26
83,181
83,9691
83,9654
83,2418
83,3645
83,3470
83,3663
83,6205
83,2651
83,11958
83,11974
83,11978
83,11982
83,11316
83,3250
83,2377
83,11977
83,11956
83,11957
83,11971
83,11979
83,11983
83,11954
83,11970
83,11975
83,11973
83,11972
83,11969
83,11955
83,11980
83,11981
83,11968
83,11984
83,11976
83,4374
83,2889
83,2867
83,2757
83,4375
83,4376
83,4379
83,2758
83,2882
83,2880
83,2872
83,4422
83,4378
83,4380
83,4381
83,4382
83,4383
83,2886
83,2888
83,4386
83,4384
83,4407
83,4424
83,4387
83,4390
83,4392
83,4394
83,2876
83,4401
83,4403
83,2883
83,4405
83,4406
83,2877
83,2878
83,2756
83,4408
83,4409
83,4410
83,4412
83,2754
83,4413
83,4414
83,4416
83,2890
83,4417
83,4423
83,4418
83,4419
83,2755
83,2891
83,2866
83,2874
83,2875
83,4420
83,4421
83,7089
83,7075
83,7067
83,7068
83,7069
83,7070
83,7071
83,7072
83,7073
83,7074
83,7076
83,7077
83,7078
83,7079
83,7086
83,7087
83,7088
83,7094
83,7095
83,7062
83,7063
83,7064
83,7065
83,7066
83,7080
83,7081
83,7082
83,7083
83,7084
83,7085
83,7090
83,7091
83,7092
83,7093
83,7096
85,3641
85,3587
85,3617
87,3373
87,2521
87,10013
87,10020
87,11969
87,11972
87,11979
87,3314
88,12817
89,7532
89,12745
89,12719
89,11802
89,12366
89,12367
89,11525
89,11824
89,11738
89,11735
89,11734
89,11801
89,11826
89,11818
89,11825
89,11732
89,11804
89,11803
89,11807
89,11806
90,43
90,4160
90,5257
90,3788
90,3766
90,141
90,2642
90,76
90,3416
90,3798
90,3799
90,6836
90,6837
90,6835
90,6514
90,6516
90,6517
90,6520
90,6526
90,6527
90,2518
90,6515
90,7393
90,7389
90,9603
90,6525
90,6523
90,6521
90,6519
90,6518
90,6524
90,12151
90,12368
90,12369
90,12371
90,12372
90,3322
90,10044
90,10045
90,10046
90,10043
90,12374
90,12366
90,12367
90,12370
90,12373
90,6522
90,7403
90,7392
90,7390
90,7394
90,7395
90,7396
90,7397
90,7398
90,7400
90,7402
90,7401
90,7399
90,3790
90,4144
90,3803
90,4157
90,4153
90,3806
90,4166
90,4168
90,4152
90,4159
90,4149
90,4150
90,4162
90,4142
90,4154
90,3794
90,3767
90,4155
90,4161
90,4143
90,4164
90,4148
90,4151
90,4146
90,3792
90,4165
90,3789
90,3793
90,3786
90,3997
90,4158
91,11190
91,11409
91,9654
91,9656
91,2388
91,2848
91,2656
91,3023
91,2441
91,2389
91,4278
91,4271
91,7850
91,7532
91,6814
91,7602
91,6475
91,8556
91,8386
91,10096
91,7747
91,7746
91,6336
91,11825
91,12901
91,11412
91,11735
91,12437
91,11941
91,12027
91,12028
91,12029
91,4273
91,4275
91,4276
91,11408
91,11410
91,11411
91,11413
92,4264
92,11384
92,3326
92,3396
92,1474
92,2983
92,3060
92,6206
92,6768
92,143
92,7234
92,6180
92,6166
92,5937
92,5930
92,4263
92,7232
92,6152
92,5146
92,10021
92,6767
92,10855
92,12922
92,12909
92,11880
92,8653
92,11940
92,8793
92,8796
92,8822
92,8792
92,8789
92,8776
92,8777
92,8778
92,8799
92,8781
92,8795
92,8786
92,8779
92,8802
92,8774
92,8801
92,8791
92,8775
92,8798
92,8782
92,8780
92,8797
92,8794
92,8803
92,8783
92,8790
92,8800
92,8785
92,8788
92,8787
92,12911
92,12925
92,12913
92,12918
92,12919
92,12921
92,12920
92,12916
92,12914
92,12915
92,12910
92,12923
92,12924
92,12917
92,12912
92,9039
92,7465
92,7464
92,9044
92,9040
92,9048
92,7233
92,7236
92,7845
92,7235
92,6769
92,7230
93,9690
93,3327
93,1364
93,2658
93,4952
93,4886
93,3650
93,9648
93,9647
93,7058
93,12824
94,2925
94,3029
94,2926
94,2929
94,2587
94,3324
95,3333
95,3349
95,3358
95,4528
95,4564
95,5302
95,5081
95,5085
95,7111
95,12752
95,12749
95,12746
95,12760
95,12756
95,12754
95,4575
95,4550
95,4582
95,4571
95,4568
95,4570
95,4561
95,4552
95,4553
95,4580
95,4565
95,4569
95,4557
95,4581
95,4562
95,4579
95,4556
95,4574
95,4567
95,4572
95,4560
95,4554
95,4578
95,4577
95,4559
95,4551
95,4566
95,4558
95,4555
95,4576
95,4563
97,3333
98,992
99,12471
99,3332
99,3103
99,5685
99,5719
99,5720
99,5721
99,5722
99,5723
99,5724
99,5725
99,5726
99,5727
99,5728
99,5729
99,5730
99,5731
99,5732
99,5733
99,5734
99,5735
99,5736
99,5737
99,5738
99,5739
99,5740
99,5741
99,5742
101,3223
101,3224
105,3580
105,3578
106,12831
106,9647
106,3374
106,3650
106,3733
106,4974
106,2658
106,3235
106,6226
106,1364
106,9648
106,11164
106,11163
106,11143
107,1389
107,861
107,1284
107,5176
107,5177
107,13030
108,3399
108,539
108,1139
108,2743
108,3821
108,2029
108,11156
108,2858
108,13093
108,13013
108,1389
108,12847
108,1172
109,3066
109,1101
109,1472
109,1224
109,1072
109,2733
109,2732
109,3003
109,2829
109,862
109,539
110,2849
110,2507
110,3113
110,2959
110,3053
110,3025
110,2760
110,1846
110,2902
110,3114
110,3022
110,3058
110,860
110,3028
110,980
110,3055
110,981
110,1809
110,2426
110,2356
110,2355
110,1898
110,858
110,1134
110,960
110,2114
110,3470
110,4943
110,2223
110,3913
110,820
110,2138
110,10052
110,10000
110,10001
110,10015
110,10016
110,10025
110,10029
110,12961
110,12960
110,12959
110,12958
110,12957
110,12956
110,12717
110,12963
110,11954
110,11955
110,12999
110,13000
110,13001
110,12933
110,13112
110,12938
110,12940
110,12947
110,13166
110,13131
110,12734
110,12873
110,12867
110,12885
110,12884
110,12724
110,13231
111,3275
111,11281
111,11286
111,11284
111,682
111,2949
111,854
111,2948
111,1421
111,2841
111,2746
111,2839
111,3178
111,2739
111,745
111,2819
111,421
111,3186
111,11295
112,691
112,3286
112,2798
112,2718
112,869
112,2898
112,1517
112,2903
112,2729
112,558
112,1185
112,1020
112,751
112,2899
112,2839
112,2965
112,2854
112,2971
112,2840
112,754
113,522
113,3616
113,2796
114,917
114,914
114,1165
114,1232
114,12274
114,12480
114,12483
114,12493
115,1615
115,1132
115,1337
115,1264
115,2746
115,7014
115,3569
115,7551
115,4759
115,5402
115,3608
115,5937
115,3591
115,5403
115,3557
115,12708
116,1156
116,1135
116,1068
116,1132
116,605
116,460
116,1354
116,3288
116,3744
116,1316
116,1172
116,1193
116,754
116,3178
118,2776
118,2771
118,2772
118,2786
118,8242
118,8243
119,712
119,3258
119,2717
119,2743
119,1185
119,1150
119,491
119,2465
119,2748
119,707
119,2479
119,2739
119,474
119,1454
119,424
119,421
119,960
119,3683
119,629
119,2736
120,250
121,678
121,3451
121,1005
121,1006
121,1650
121,575
121,671
121,677
121,582
121,674
121,771
121,577
121,1000
121,999
121,451
121,766
121,922
121,672
121,1231
121,924
121,673
121,576
121,3449
121,3698
121,3490
121,407
121,5649
121,5650
121,6155
121,3528
121,383
121,3426
121,502
121,3593
121,3663
121,6204
121,6205
121,6166
121,5930
121,5932
121,6226
121,3606
121,3673
121,6194
121,3569
121,6143
121,3616
121,1661
121,3557
121,5647
121,6180
121,5928
121,3697
121,3696
121,3694
121,3542
121,3699
121,3693
121,3536
121,3700
121,3534
121,3541
121,3532
121,3695
121,5946
121,5951
121,5953
121,5949
121,5938
121,5958
121,5950
121,5957
121,5952
121,5948
121,5933
121,5935
121,5931
121,5927
121,5955
121,5934
121,5944
121,5939
121,5926
121,5936
121,5940
121,6261
121,5925
121,5956
121,6262
121,5942
121,5941
121,5943
121,5947
121,5945
121,6263
121,5929
121,3548
121,3472
121,3595
121,3614
121,3489
121,3471
121,3498
121,3688
121,3547
121,3605
121,3546
121,3599
121,3439
121,3438
121,6216
121,6224
121,6192
121,6220
121,6228
121,6231
121,6189
121,6208
121,6193
121,6219
121,6201
121,6232
121,6222
121,6195
121,6213
121,6235
121,6187
121,6217
121,6209
121,6199
121,6225
121,6227
121,6197
121,6223
121,6185
121,6190
121,6196
121,6234
121,6230
121,6191
121,6203
121,6211
121,6186
121,6215
121,6233
121,6210
121,6212
121,6221
121,6198
121,6188
121,6202
121,6147
121,6146
121,6157
121,6156
121,6168
121,6161
121,6154
121,6149
121,6158
121,6162
121,6167
121,6141
121,6142
121,6140
121,6150
121,6139
121,6151
121,6148
121,6145
121,6160
121,6153
121,6163
121,6165
121,6144
121,6164
121,6138
121,6159
121,1248
121,769
121,1348
121,1275
121,557
121,1258
121,1259
121,768
121,616
121,881
121,870
121,531
121,767
121,1303
121,418
121,473
121,1291
121,1059
121,1393
121,658
121,1330
121,773
121,448
122,1337
122,1045
122,857
122,1187
122,858
123,4242
123,691
123,2817
123,1166
123,1279
123,2947
124,1074
124,460
124,977
124,5557
124,3680
124,4759
124,1132
124,13174
124,12706
124,1520
125,3002
125,3260
125,2738
126,11142
126,2719
126,2737
126,1394
126,4204
126,5293
126,7552
127,3445
127,1423
127,1844
127,1855
127,1850
127,1849
127,1834
127,1847
127,1851
127,1835
127,1845
127,2969
127,1554
127,3600
127,3189
127,2225
127,3834
127,3457
127,1842
127,4618
127,4331
127,3559
127,2980
127,7012
127,12402
127,4901
127,4888
127,4890
127,4904
127,4884
127,4894
127,4880
127,4900
127,4889
127,4892
127,4881
127,4903
127,4895
127,4885
127,4887
127,4898
127,4902
127,4896
127,4878
127,4883
127,4882
127,12487
127,12483
127,12484
127,12491
127,12490
127,12486
127,12482
127,12489
127,12479
127,12481
127,12478
127,12493
127,12485
127,12488
127,12480
127,12492
129,2740
129,1139
129,2903
129,13087
130,1871
130,1557
130,2804
130,2764
130,1869
130,1859
130,2779
130,1866
130,5157
130,2143
130,5582
131,732
131,1520
131,964
131,3060
131,3253
131,1543
131,5476
131,3234
132,466
132,567
132,2430
132,4188
132,3360
132,1306
132,1050
132,3263
132,5214
132,4181
132,456
132,13172
132,1311
132,438
132,1379
132,1302
134,3138
134,4034
134,4030
135,1964
135,3501
135,1570
135,1566
135,2124
135,1579
135,1438
135,3499
135,1563
135,8090
135,6663
135,13027
135,1574
135,3513
135,3511
135,3512
135,3504
135,3507
135,3508
135,3509
135,3503
135,3506
135,3515
135,3514
135,3502
135,3505
135,3500
135,3510
136,7229
136,9828
136,230
136,1468
136,3289
136,3951
136,742
136,5227
136,8246
136,5263
136,7561
136,8242
136,5402
136,5403
136,8244
136,8243
136,8245
136,9118
136,10870
136,8596
136,11143
136,5579
136,12689
136,9335
136,9336
136,9125
136,9131
136,9132
136,9129
136,9127
136,9126
136,9122
136,9124
136,9128
136,9130
136,9123
136,9000
136,9337
136,9133
136,7547
136,7546
136,10966
136,10958
136,10959
136,10962
136,10963
136,10964
136,10965
136,10968
136,10969
136,10970
136,10971
136,10972
136,10973
136,10967
136,5409
136,5406
136,5404
136,5415
136,5400
136,5419
136,5405
136,5394
136,5401
136,5398
136,5410
136,5418
136,5408
136,5407
136,5413
136,5399
136,5395
136,5411
136,5416
137,2636
137,2519
137,41
137,12635
138,1832
138,2829
138,2844
138,80
138,6278
138,3550
138,5693
138,7556
138,5781
138,5782
138,5784
138,5785
138,5788
138,5789
138,5791
138,5796
138,5797
138,5798
138,5801
138,5802
138,5780
138,5783
138,5786
138,5787
138,5790
138,5792
138,5793
138,5794
138,5795
138,5799
138,5800
139,2841
142,2952
142,2983
142,2739
143,1448
144,3184
144,12847
144,1219
144,1216
144,11245
144,11758
144,12247
144,11151
144,3428
144,478
144,1212
144,1109
144,1105
144,1004
144,5161
144,5412
144,5262
144,1842
144,4331
144,5505
144,6269
144,11063
144,12067
144,11760
144,12097
144,12100
144,12089
144,12094
144,12093
144,6061
144,11568
144,11763
144,11765
144,5213
144,12629
144,12213
144,12215
144,11569
144,12248
144,12206
144,13016
144,12939
144,12936
144,31
144,11290
144,13165
144,13171
144,12631
144,5212
144,12102
144,12091
144,12096
144,12090
144,12099
144,12092
144,12103
144,12101
144,12095
144,12098
144,11761
144,11759
144,11766
144,11764
144,11762
144,11291
144,12984
146,4045
146,3281
146,1279
146,3257
147,2114
149,9977
149,3642
149,3644
149,3646
149,3647
149,3575
149,3607
149,4599
149,892
149,7107
149,3829
149,7086
150,10899
150,12838
150,3643
150,8093
150,12829
150,12823
150,12841
150,11724
150,11721
150,11722
150,11723
150,12827
151,8197
151,3315
151,3583
151,3585
151,11975
151,3606
152,3648
152,3581
152,3649
153,10011
153,11956
153,3651
153,576
153,10006
153,10008
153,10014
153,10022
153,10023
153,10024
153,10028
153,10005
153,11957
153,11971
154,3582
154,3607
154,2412
154,4606
155,2653
155,6620
155,8200
155,8213
155,8147
155,8211
155,7240
155,8202
155,8201
155,8210
155,8209
155,8208
155,8203
155,8212
155,8207
155,8206
155,7242
155,7243
155,7245
156,4248
156,4249
156,7577
156,6853
156,8673
156,8674
156,11553
156,3032
156,5884
156,5885
156,5920
156,3775
156,8195
156,7602
156,7601
156,7599
156,7576
156,8498
156,6468
156,7600
156,12179
156,7580
156,7578
156,7594
156,7582
156,7589
156,7575
156,7590
156,7581
156,7585
156,7592
156,7598
156,7593
156,7572
156,7586
156,7596
156,7587
156,7588
156,7583
156,7584
156,7579
157,2707
158,8472
158,8518
158,8521
158,8519
158,8515
158,8520
158,8522
158,8517
159,3578
161,3584
162,4612
162,4748
162,4866
162,4733
162,4611
162,4818
162,4768
162,4785
162,6458
162,4609
162,6497
162,4789
162,4729
162,4824
162,6503
162,4227
162,4223
162,4224
162,4210
162,4208
162,4199
162,10187
162,10801
162,10790
162,10784
162,10796
162,10792
162,10787
162,10788
162,10789
162,10783
162,10786
162,10791
162,10785
162,10793
162,10794
162,4226
162,4213
162,4239
162,4216
162,4218
162,4234
162,4212
162,4209
162,4214
162,4236
162,4240
162,4235
162,4220
162,4205
162,4229
162,4238
162,4241
162,4231
162,4230
162,4215
162,4232
162,4233
162,4207
162,4222
162,4225
162,4237
162,4228
162,6506
162,6504
162,6505
162,6498
162,6502
162,6510
162,6509
162,6499
162,6512
162,6511
162,6501
162,6508
162,6500
162,6507
162,4821
162,4614
162,4819
162,4613
162,4820
162,4822
162,4610
162,4615
163,12275
163,12272
163,3834
163,8548
163,12402
163,11656
163,11658
163,11659
163,11657
163,11660
163,11665
163,11559
163,11654
163,11697
163,11647
163,11725
163,11668
163,11728
163,11699
163,11721
163,11664
163,11729
163,11724
163,11722
163,11727
163,11667
163,11720
163,11723
163,11666
163,11726
163,11698
163,12487
163,12483
163,12484
163,12491
163,12490
163,12486
163,12482
163,12489
163,12479
163,12481
163,12478
163,12493
163,12485
163,12488
163,12480
163,12492
164,3241
164,3310
164,1663
164,1738
164,1716
165,742
166,8548
166,3269
167,4925
167,4921
167,4906
167,4923
167,4916
167,4928
167,4917
167,4913
167,4910
167,4929
167,4911
167,4914
167,4926
167,4912
167,4918
167,4909
167,4920
167,4924
167,4908
168,8188
168,2035
168,8273
168,8274
168,6463
168,11884
168,8396
168,2059
168,2037
168,2062
168,2045
168,2054
168,2047
168,2050
168,2042
168,2085
168,2058
168,2043
168,2048
168,2074
168,2075
168,2072
168,2046
168,2065
168,2069
168,2087
168,2083
168,2053
168,2078
168,2051
168,2064
168,2049
168,2080
168,2041
168,2056
168,2044
168,2079
168,2086
168,2067
168,2077
168,2055
168,2068
168,2081
168,2076
168,2060
168,2039
168,2084
168,2066
168,2082
168,2036
168,2052
168,2073
168,2063
168,2057
168,2071
168,2070
168,2061
168,2038
169,6669
169,6487
169,4937
169,4838
169,4793
169,4743
169,4794
169,4827
169,4858
169,4810
169,4786
169,4825
169,4835
169,4839
169,4852
169,4802
169,4863
169,4745
169,4873
169,4809
169,4747
169,4798
169,4814
169,4872
169,4817
169,4845
169,4864
169,4850
169,4848
169,4813
169,4857
169,4851
169,4808
169,4806
169,4877
169,4803
169,4847
169,4876
169,4855
169,4741
169,4796
169,4797
169,4792
169,4815
169,4861
169,4860
169,4865
169,4795
169,4732
169,4735
169,4800
169,4841
169,4846
169,4804
169,4734
169,4843
169,4844
169,4875
169,4871
169,4853
169,4801
169,4805
169,4812
169,4874
169,4799
169,4854
169,4859
169,4811
169,4842
169,4807
169,4746
169,4736
169,4849
169,4856
169,6491
169,6492
169,6494
169,6490
169,6493
169,6488
169,6495
169,6489
169,8412
169,8415
169,9998
169,8413
169,9999
169,10007
169,10002
169,8414
169,10004
169,8411
171,12579
171,11525
171,12907
171,12905
171,12901
171,12895
171,12894
171,12893
171,12906
171,12899
171,12896
171,12900
171,12891
171,12885
171,12904
171,12897
171,12892
171,12890
171,12887
171,12888
171,12889
171,12902
171,12903
171,12886
171,12898
171,12963
171,12884
171,11824
171,11802
171,11738
171,11735
171,11734
171,11801
171,11826
171,11818
171,11825
171,11732
171,11804
171,11803
171,11807
171,11806
172,4266
172,4265
172,4268
172,11758
172,9655
172,8163
172,7761
172,8167
172,8168
172,8154
172,8159
172,7997
172,7461
172,7491
172,7492
172,7493
172,7494
172,7495
172,7496
172,7497
172,7498
172,7499
172,2546
172,2544
172,2543
172,3673
172,6474
172,11764
172,12213
172,12820
172,12945
172,12944
172,12941
172,12935
172,12946
172,12824
172,2539
172,2698
172,2540
172,2542
172,2541
172,2545
172,2547
172,2548
172,2697
172,2549
172,2573
172,2550
172,8155
172,8164
172,8160
172,8157
172,8161
172,8156
172,8169
172,8165
172,12951
172,12955
172,12950
172,12949
172,12953
172,12936
172,12954
172,12934
172,12952
172,12940
172,12942
172,12947
172,12933
172,12938
172,12937
172,12939
172,12948
172,12943
173,12886
173,4907
173,6881
173,6879
173,4906
173,7591
173,7453
173,5954
173,6446
173,6465
173,6877
173,8392
173,8391
173,8390
173,8388
173,8387
173,8386
173,6878
173,7455
173,12894
173,12887
173,12840
173,12839
173,12579
173,12907
173,12905
173,12901
173,12895
173,12893
173,12906
173,12899
173,12896
173,12900
173,12891
173,12885
173,12904
173,12897
173,12892
173,12890
173,12888
173,12889
173,12902
173,12903
173,12898
173,12963
173,12884
173,4923
173,4916
173,4928
173,4917
173,4913
173,4910
173,4929
173,4911
173,4914
173,4926
173,4912
173,4918
173,4909
173,4920
173,4924
173,4908
173,8389
173,7454
173,7456
175,5695
175,12069
175,12070
175,12071
175,12072
175,12073
175,12074
175,12075
175,12076
175,12077
175,12078
175,5779
175,5886
175,5887
175,5888
175,5889
175,5890
175,5891
175,5892
175,5893
175,5894
175,5895
175,5896
175,5897
175,5898
175,5899
175,5900
175,5901
175,5902
175,5903
175,5904
175,5905
175,5906
175,5907
175,5908
175,5909
175,5910
175,5911
175,5912
175,5913
175,5914
175,5915
175,5916
175,5917
175,5918
175,5919
176,12081
176,12080
176,12082
176,12083
177,12069
177,12070
177,12071
177,12072
177,12073
177,12074
177,12075
177,12076
177,12077
177,12078
179,3797
179,3801
179,3802
179,3805
179,3714
179,136
180,3787
180,137
181,10048
181,6836
181,3795
181,3796
181,12370
182,3799
182,4163
183,10047
183,6835
183,4167
186,4147
186,5097
186,4156
186,3807
187,3791
188,10049
189,3788
189,3322
189,3799
189,6835
190,4163
193,4145
193,3800
193,42
193,6835
194,4167
194,3804
195,10050
195,3802
195,3797
195,12373
195,12374
196,141
203,3712
208,3791
210,7054
210,7055
210,7056
210,6462
211,12331
211,7373
211,4769
211,12957
211,12956
211,4738
211,11958
211,12718
211,12737
211,12736
211,12720
211,12719
211,12406
211,11818
211,12742
211,12739
211,12738
211,12735
211,12733
211,12732
211,12731
211,12730
211,12728
211,12727
211,12726
211,12725
211,12723
211,12722
211,12721
211,12740
211,12734
211,12741
211,12958
211,12717
211,12959
211,12743
211,12960
211,12729
211,12961
211,12724
212,12841
212,12830
212,12828
212,3639
212,3570
212,6214
212,3569
212,3556
212,3588
212,3672
212,12844
212,12846
212,12831
212,12407
212,12836
212,12829
212,12833
212,12825
212,12832
212,12822
212,12821
212,12843
212,12849
212,12840
212,12824
212,12838
212,12837
212,12834
212,12835
212,12839
212,12826
212,12847
212,12827
212,12823
212,12842
213,3601
213,1850
213,2934
213,1557
213,3918
213,12837
214,12841
214,12834
214,3639
214,4897
214,2950
214,2969
214,3570
214,2985
214,12832
214,12822
214,12491
214,12490
214,5588
214,4893
214,3662
214,6214
214,6200
214,461
214,6650
214,7007
214,3664
214,3573
214,3939
214,1968
214,4891
214,2942
214,8097
214,7775
214,4879
214,5932
214,5954
214,12844
214,12821
214,12833
214,12826
214,12837
214,12843
214,12842
214,12839
214,12836
214,12831
214,12825
214,12407
214,12829
214,12828
214,12849
214,12846
214,12840
214,12824
214,12838
214,12835
214,12830
214,12847
214,12827
214,12823
218,4621
218,4648
218,4757
218,4644
218,4645
218,4646
218,4647
218,4649
218,4650
218,4651
218,4652
218,4653
218,4654
218,4655
218,4656
218,4657
218,4658
218,4659
218,4660
218,4661
218,4662
218,4663
218,4664
218,4665
218,4699
218,4700
218,4701
218,4702
218,4703
218,4704
218,4705
218,4706
218,4707
218,4708
218,4709
218,4710
218,4711
218,4712
218,4758
219,8270
219,8271
219,12325
219,12309
219,7258
219,7260
219,7313
219,7227
219,7225
219,7314
219,7315
219,7316
219,7317
219,7318
219,7319
219,7320
219,7321
219,7322
219,7323
219,7324
219,7372
219,7374
219,7375
219,7376
219,7377
219,7379
219,7380
219,7381
219,7405
219,7406
219,7407
219,7408
219,7409
219,7410
219,7411
219,8253
219,8259
219,8260
219,8261
219,8262
219,8263
219,8264
219,8265
219,8266
219,8267
219,8268
219,8269
219,8314
219,8315
219,8316
219,8317
219,8318
219,8319
219,8320
219,8321
219,8322
219,8323
219,8324
219,8325
219,8326
219,8327
219,8328
219,8329
219,8331
219,12318
219,12307
219,7257
219,7255
220,12321
220,5984
220,11570
220,11572
220,5985
220,5986
220,5987
220,5988
220,5989
220,5990
220,5991
220,5992
220,5993
220,5994
221,12331
221,12470
221,11824
221,7256
221,6761
221,12755
221,11826
221,11873
221,11884
221,12843
223,9798
224,6471
225,7253
227,7267
227,7268
227,7270
227,7271
227,7283
227,7284
227,7261
227,7262
227,7263
227,7264
227,7265
227,7266
227,7272
227,7274
227,7275
227,7276
227,7278
227,7279
227,7280
227,7281
227,7282
227,7286
227,7287
227,7288
227,7291
227,7293
227,7294
227,7296
227,7300
227,3328
227,7285
227,7277
227,7297
227,7299
228,10877
228,11241
228,11242
228,11244
228,11243
228,11247
228,7382
228,11246
229,9807
229,9802
229,10033
229,9693
229,9699
229,9701
229,9654
229,9659
229,9657
229,9651
229,7417
229,7418
229,7419
229,7420
229,7422
229,7421
229,12914
229,12915
229,12852
229,13114
229,12943
229,13131
229,12249
230,5162
230,4648
230,12310
231,7436
231,7440
231,7444
231,7476
231,7477
231,7453
231,4782
231,7442
231,7443
231,7441
231,10103
231,12893
231,12894
231,12895
231,12896
231,12899
231,10100
231,10096
231,12892
231,12891
231,12890
231,12888
231,12889
231,7468
231,7439
231,7470
231,7452
231,7490
231,7449
231,7446
231,7469
231,7483
231,7480
231,7451
231,7445
231,7471
231,7482
231,7448
231,7438
231,7467
231,7484
231,7447
231,7481
231,7437
232,8394
232,6317
232,12276
232,11292
232,8395
232,8393
232,11261
232,11264
232,11262
232,11263
232,11266
232,11265
232,11267
232,11260
235,6122
235,5247
239,6472
239,11826
239,11807
240,9687
240,8166
240,8159
240,8162
240,7997
240,2572
240,2543
240,2538
240,6470
240,6464
240,2539
240,2698
240,2540
240,2542
240,2541
240,2545
240,2547
240,2548
240,2697
240,2549
240,2573
240,2550
241,2433
241,7031
243,5471
243,7025
243,6944
243,6937
245,927
245,3068
245,1100
245,5417
245,5622
245,5202
245,2719
245,12699
246,6970
246,6973
246,6966
246,6901
246,6977
246,12410
246,13130
246,13126
246,13123
246,13121
246,13118
246,13117
246,13114
246,13127
246,13133
246,13138
246,13132
246,13113
246,13139
246,13128
246,13122
246,13115
246,13120
246,13136
246,13129
246,13119
246,13131
246,13135
246,13134
246,13112
246,13116
246,13125
246,13124
246,13137
246,6981
246,6972
246,6967
246,6968
246,6969
246,6975
246,6976
246,6978
246,6965
246,6979
246,6974
246,6971
247,5074
247,5078
247,5077
248,5068
248,5136
248,5223
248,5221
248,5217
248,5215
248,5224
248,5220
248,5219
248,5218
249,4607
249,12949
249,12942
249,12939
249,13115
249,13113
249,13114
249,5075
249,5070
249,5064
249,5076
249,5069
249,5065
249,5083
249,5073
249,5084
249,5066
249,5082
249,5063
249,5071
249,5067
249,5062
250,4722
250,6283
250,6550
250,6533
250,4742
250,4835
250,4728
250,6669
250,6580
250,6549
250,6542
250,6540
250,6576
250,6529
250,6537
250,6541
250,6546
250,6569
250,6566
250,6575
250,6581
250,6582
250,6556
250,6565
250,6570
250,6674
250,6675
250,6560
250,6571
250,6555
250,6539
250,6528
250,6671
250,6672
250,6558
250,6548
250,6670
250,6573
250,6574
250,6578
250,6543
250,6579
250,6551
250,6554
250,6532
250,6547
250,6536
250,6562
250,6561
250,6559
250,6568
250,6530
250,6673
250,6534
250,6577
250,6545
250,6564
250,6531
250,6544
250,6552
250,6563
250,6557
250,6572
250,6553
250,6538
250,6535
251,4739
251,4780
251,4775
251,6467
251,4826
251,4825
251,4862
251,5222
251,4737
251,4740
251,12753
252,4722
252,4935
252,4934
252,4775
252,4774
252,4772
252,6496
252,4743
252,6533
252,4858
252,4748
252,4744
252,4742
252,4810
252,4769
252,4786
252,4782
252,4816
252,4781
252,4862
252,4870
252,4739
252,4738
252,4737
252,4834
252,4730
252,4823
252,4776
252,4783
252,4915
252,4840
252,4770
252,4829
252,4836
252,4832
252,4868
252,4727
252,4725
252,4831
252,4713
252,4617
252,4788
252,4719
252,4720
252,4837
252,4790
252,4830
252,4777
252,4721
252,4869
252,4778
252,4718
252,4784
252,4773
252,4787
252,4867
252,4791
252,4731
252,4726
252,4828
252,4723
252,4833
252,4724
255,3796
255,3795
255,4467
256,3480
256,4478
256,3488
256,2419
256,6205
256,3616
256,11968
257,2410
257,4603
257,4573
257,404
257,3411
257,4606
257,3466
257,4601
257,4597
257,4605
257,4598
257,4595
257,4600
257,4591
257,4604
257,4592
257,3421
257,3467
257,3475
257,3415
257,3468
257,3476
257,3479
257,3474
257,3465
257,3419
257,3477
257,3478
257,1238
257,2466
257,1230
257,1236
257,942
257,1235
257,1417
262,6467
262,4502
262,4620
262,5961
262,11022
262,11019
262,11020
262,11016
262,11014
262,11010
262,11018
262,11024
262,11005
262,11006
262,11007
262,11008
262,11009
262,11011
262,11012
262,11883
262,11023
262,11021
262,11017
262,11015
262,11013
262,11875
262,11876
262,11877
262,11878
262,11879
262,11745
262,11872
262,5959
262,5975
262,4623
262,4624
262,4640
262,4643
262,4639
262,4637
262,4632
262,4641
262,4638
262,4642
262,4625
262,4629
262,4626
262,4622
262,4630
262,4628
262,4633
262,4635
262,4627
262,4634
262,4636
262,4631
262,5976
262,5977
262,5978
262,5979
262,5980
262,11881
262,11882
262,11880
263,7306
263,7309
263,7308
263,7307
263,7304
263,6379
263,6378
263,7305
263,7310
263,7326
263,7327
263,7328
263,7329
263,7330
263,7331
263,7332
263,7500
263,7501
263,7503
263,7504
263,7505
263,7506
263,7507
263,7508
263,7509
263,7510
263,7511
263,7512
263,7513
263,7514
263,7515
263,7516
263,7517
263,7518
263,7519
263,7520
263,7521
263,7522
263,7523
263,7524
263,7525
263,7526
263,7527
263,7528
264,6300
264,7728
264,7724
264,7723
264,7722
264,7721
264,7727
264,6345
264,7726
265,5962
265,6337
265,7762
265,7763
265,7764
265,7765
265,5971
265,5972
265,5973
265,5974
266,6318
266,6319
266,3271
266,6997
266,5434
266,7529
266,7530
266,7531
266,7533
266,7534
266,7535
266,7536
266,7537
266,7538
266,7539
266,7540
266,7541
266,7542
266,7543
266,7554
266,7558
266,7564
266,7565
266,7566
266,7567
266,7568
266,7569
266,7570
266,7571
266,7160
266,7161
266,7162
266,7163
266,7164
266,7165
266,7166
266,7167
266,7168
266,7169
266,7170
266,7171
268,7556
268,7560
268,7229
268,7549
268,7563
268,7555
268,7562
268,8241
268,7559
268,7557
268,12861
268,7547
268,7546
269,6973
269,6977
269,6970
269,7382
269,2537
269,5572
269,13124
273,12844
273,12839
273,11720
273,11721
273,12840
273,12407
273,12836
273,12829
273,12831
273,12828
273,12833
273,12825
273,12832
273,12822
273,12821
273,12841
273,12843
273,12849
273,12846
273,12824
273,12838
273,12837
273,12834
273,12835
273,12830
273,12826
273,12847
273,12827
273,12823
273,12842
278,12271
278,11725
278,11726
278,11727
278,11729
278,11728
283,12407
283,12836
283,12829
283,12831
283,12828
283,12833
283,12825
283,12832
283,12822
283,12821
283,12841
283,12844
283,12843
283,12849
283,12846
283,12840
283,12824
283,12838
283,12837
283,12834
283,12835
283,12830
283,12839
283,12826
283,12847
283,12827
283,12823
283,12842
290,6421
290,8420
290,8421
290,8422
290,10578
290,12745
290,12909
290,12910
290,12911
290,12912
290,12913
290,12916
290,12917
290,12918
290,12919
290,12920
290,12921
290,12922
290,12923
290,12924
290,11925
290,11880
290,11801
290,11878
290,11881
290,11882
290,11871
290,11941
290,11824
290,12925
290,12914
290,12915
291,2266
292,10581
293,6880
293,12733
293,12741
293,12910
293,11735
293,11875
293,11825
294,10009
294,10012
294,12616
294,12434
294,11973
295,10010
296,10019
297,10026
297,10027
298,10097
298,10098
298,10099
298,10095
298,9816
298,12142
298,12445
298,11874
299,10097
299,9696
299,10103
299,10102
299,10101
299,10100
299,10096
300,9813
300,9814
300,9797
302,9695
302,12746
303,9696
305,9701
306,9652
307,9656
307,12602
308,12153
308,11214
308,11207
308,11205
308,11208
308,11209
308,11210
308,11211
308,11212
308,11213
308,11215
308,12343
308,12340
308,12342
308,12345
308,12349
308,12351
308,12339
308,12350
308,12347
310,11152
310,11381
310,12630
310,13246
311,12493
318,11470
318,11203
319,10877
319,10894
319,10900
319,13125
320,10878
322,6880
323,12084
323,12085
324,11758
324,12215
324,12997
325,12247
325,11762
325,11765
325,11766
325,11568
325,12248
325,12940
325,12947
325,11761
325,11759
325,11760
325,11758
325,11764
325,11763
326,11759
327,12146
327,12208
327,12209
327,12211
327,12210
328,12210
329,12377
329,12355
330,12312
334,12251
335,12437
335,12443
335,12441
335,12440
335,12435
335,12438
335,12442
335,12439
336,12448
336,12439
336,12438
336,12466
336,12465
336,12467
337,12448
337,12465
337,12466
337,12467
338,12469
338,12471
338,12472
338,12474
338,12475
338,12476
338,12473
339,6740
343,12442
344,12441
345,12481
345,12482
345,12484
345,12486
345,12487
345,12488
345,12489
346,11806
347,10872
347,11005
347,11006
347,11007
347,11008
347,11009
347,11010
347,11011
347,11012
347,11013
347,11014
347,11015
347,11016
347,11017
347,11018
347,11019
347,11020
347,11021
347,11022
347,11023
347,11024
348,11571
353,11732
353,11734
353,11803
354,10480
354,10476
354,10475
354,10474
354,10466
354,10463
354,10456
354,10453
354,10447
354,10448
354,10449
354,10450
354,10452
354,10454
354,10455
354,10457
354,10458
354,10459
354,10460
354,10461
354,10462
354,10464
354,10465
354,10471
354,10473
354,10482
354,11318
354,10481
354,10479
354,10478
354,10477
354,10472
354,10470
354,10469
354,10468
354,10467
354,10451
355,11914
355,12029
355,12028
355,12027
356,12027
357,12759
358,12747
358,12748
358,12750
358,12751
358,12753
358,12757
358,12758
358,12759
359,12747
360,12633
361,11970
361,11977
361,11980
361,11981
362,12896
362,12897
362,12898
362,12899
363,12900
363,12901
363,12902
363,12903
363,12904
363,12905
363,12906
363,12579
363,11875
363,12907
363,12895
363,12894
363,12893
363,12899
363,12896
363,12891
363,12885
363,12897
363,12892
363,12890
363,12887
363,12888
363,12889
363,12886
363,12898
363,12963
363,12884
364,12907
364,12996
366,7305
367,12830
368,12835
368,12838
370,12846
371,12846
373,13002
373,13003
373,13004
373,13006
373,13007
373,12927
373,13000
373,12999
373,13005
373,13001
374,12999
374,13000
374,13001
374,13002
374,12927
374,11926
374,11925
374,11846
374,11876
374,11879
374,11881
374,11882
374,11745
374,11875
374,11880
374,11877
374,11878
374,13005
374,13006
374,13007
374,13003
374,13004
375,12936
375,12937
375,12938
375,12939
375,12942
375,12943
375,12948
375,12949
375,12950
375,12951
375,12952
375,12953
375,12954
375,12820
375,12955
375,12946
375,12934
375,12940
375,12944
375,12947
375,12941
375,12935
375,12933
375,12945
376,13008
376,13009
376,13010
376,13011
376,13012
376,13013
376,13014
376,13015
376,13016
376,13017
376,13019
376,13020
376,13023
376,13024
376,13025
376,13028
376,13022
377,13032
377,13033
377,13034
377,13035
378,13038
378,13039
378,13040
378,13042
378,13043
378,13044
379,13047
379,13048
379,13050
379,13051
380,13052
380,13053
380,13054
381,13056
381,13057
381,13058
381,13059
382,13060
382,13061
382,13062
382,13063
383,13064
383,13065
383,13066
383,13067
383,13068
384,13069
384,13071
384,13072
384,13073
385,13074
385,13075
385,13076
385,13077
386,13078
386,13079
386,13080
386,13082
386,13083
386,13085
392,10874
392,11044
392,11045
392,11046
392,11047
392,11048
392,11049
392,11050
392,11051
392,11052
392,11053
392,11054
392,11055
392,11056
392,11057
392,11058
392,11059
392,11060
392,11061
393,13109
393,13231
393,13232
393,13233
393,13234
393,13235
393,13236
393,13237
393,13238
393,13239
393,13245
393,13247
393,13248
393,13249
393,13250
393,13251
393,13246
